mun;nome_mun;TFT_2019;TFT_2020;TFT_2021
310010;ABADIA DOS DOURADOS;1,098689953;1,221251943;0,947824979
310020;ABAETE;1,419547506;1,509281589;1,235575674
310030;ABRE CAMPO;1,66039087;1,645688773;1,816422024
310040;ACAIACA;1,767073233;1,784258693;1,571159773
310050;ACUCENA;1,405400994;1,493706115;1,145565899
310060;AGUA BOA;1,46233629;1,658345816;1,420472863
310070;AGUA COMPRIDA;1,405257302;1,964259597;1,540834613
310080;AGUANIL;1,001851346;1,127747768;1,244149524
310090;AGUAS FORMOSAS;1,901353171;1,826180103;2,097154598
310100;AGUAS VERMELHAS;1,433361916;1,618990705;1,715747969
310110;AIMORES;1,700843095;1,809828405;1,811039428
310120;AIURUOCA;1,263198025;1,279636729;1,544500227
310130;ALAGOA;1,183054757;1,546755559;1,453971114
310140;ALBERTINA;1,17919734;0,794482441;1,159801048
310150;ALEM PARAIBA;1,551863257;1,411788878;1,333361656
310160;ALFENAS;1,640156349;1,604323832;1,564979455
310163;ALFREDO VASCONCELOS;1,339576041;1,67160125;1,634439805
310170;ALMENARA;1,809595858;1,742912226;1,867039834
310180;ALPERCATA;1,942957069;1,694853916;1,473919402
310190;ALPINOPOLIS;1,373427014;1,499868388;1,442382211
310200;ALTEROSA;1,51714502;1,544480093;1,395553659
310205;ALTO CAPARAO;2,152970423;1,735513329;1,904723805
310210;ALTO RIO DOCE;1,383529228;1,279886386;1,305050957
310220;ALVARENGA;2,229602281;2,120785144;1,96150137
310230;ALVINOPOLIS;1,238819972;1,372689772;1,241235391
310240;ALVORADA DE MINAS;1,466547008;2,205897631;1,785768925
310250;AMPARO DO SERRA;1,014753958;1,421208953;1,363921128
310260;ANDRADAS;1,556717509;1,589633365;1,578574986
310270;CACHOEIRA DE PAJEU;1,269763934;1,082314449;1,223127209
310280;ANDRELANDIA;1,600957552;1,373431971;1,394190621
310285;ANGELANDIA;1,304983188;1,392885523;1,691205241
310290;ANTONIO CARLOS;1,457041038;1,302057825;1,304383618
310300;ANTONIO DIAS;1,586777984;1,614148245;1,303910938
310310;ANTONIO PRADO DE MINAS;1,029279088;0,917305678;0,957444483
310320;ARACAI;1,333936545;1,289387523;0,581600435
310330;ARACITABA;1,820611607;1,286649298;1,37847291
310340;ARACUAI;1,316876218;1,398171157;1,538268
310350;ARAGUARI;1,503286757;1,531700923;1,453539338
310360;ARANTINA;1,267112304;1,691104186;1,878799144
310370;ARAPONGA;1,573349217;1,587873738;1,819659964
310375;ARAPORA;2,252401969;2,198194072;2,206406778
310380;ARAPUA;0,887642662;0,921901979;1,212337613
310390;ARAUJOS;1,700561396;1,363243824;1,496385393
310400;ARAXA;1,742934637;1,767774351;1,696352252
310410;ARCEBURGO;0,943665407;0,877202129;0,698309474
310420;ARCOS;1,691134714;1,635540443;1,59510632
310430;AREADO;1,27589753;1,347972438;1,264318676
310440;ARGIRITA;1,831092669;1,917268682;1,5119174
310445;ARICANDUVA;1,318521334;1,721699678;1,549652536
310450;ARINOS;1,331725844;1,43613505;1,495328567
310460;ASTOLFO DUTRA;1,303551762;1,188124786;0,924791212
310470;ATALEIA;1,391910649;1,387602338;1,750380233
310480;AUGUSTO DE LIMA;1,286150183;1,098219464;1,307749867
310490;BAEPENDI;1,503022528;1,448303614;1,304453984
310500;BALDIM;1,411857629;1,22354608;1,38161147
310510;BAMBUI;1,359730725;1,541697772;1,379013698
310520;BANDEIRA;1,159731181;1,537840461;1,458995264
310530;BANDEIRA DO SUL;1,574133859;1,660612247;1,605147785
310540;BARAO DE COCAIS;1,513401476;1,320342296;1,406015505
310550;BARAO DE MONTE ALTO;1,003221365;0,993105239;1,322628479
310560;BARBACENA;1,305134451;1,310308127;1,255914703
310570;BARRA LONGA;1,574587288;1,872579793;1,991048428
310590;BARROSO;1,615405168;1,350736885;1,511892757
310600;BELA VISTA DE MINAS;1,421461461;1,279469371;1,464597986
310610;BELMIRO BRAGA;0,763293599;1,141438198;1,239957336
310620;BELO HORIZONTE;1,393878773;1,296550717;1,24664773
310630;BELO ORIENTE;1,621167758;1,379235846;1,523462619
310640;BELO VALE;1,654593686;1,902870997;1,786403774
310650;BERILO;1,055523932;0,816598643;0,876932099
310660;BERTOPOLIS;2,34614155;2,434679746;2,640940889
310665;BERIZAL;1,71605569;1,496027219;1,582780734
310670;BETIM;1,482520103;1,490270361;1,462692284
310680;BIAS FORTES;1,00097123;1,760644566;0,992817983
310690;BICAS;1,392643146;1,433602708;1,394687154
310700;BIQUINHAS;0,779623971;1,262408293;1,310023489
310710;BOA ESPERANCA;1,909564755;1,729255147;1,581428665
310720;BOCAINA DE MINAS;0,842267537;1,008871738;0,732335953
310730;BOCAIUVA;1,632252431;1,523031156;1,578831058
310740;BOM DESPACHO;1,628154863;1,789356329;1,680748703
310750;BOM JARDIM DE MINAS;1,106709552;1,267540164;1,264170639
310760;BOM JESUS DA PENHA;1,679558028;1,278036275;1,609059691
310770;BOM JESUS DO AMPARO;1,528609213;1,453114021;1,472418498
310780;BOM JESUS DO GALHO;1,52405153;1,663987274;1,757545064
310790;BOM REPOUSO;1,908722633;1,78395034;2,089054321
310800;BOM SUCESSO;1,22223998;1,174132624;1,194511498
310810;BONFIM;1,179899712;0,9535741;0,985461562
310820;BONFINOPOLIS DE MINAS;2,025209075;1,709107733;1,309619944
310825;BONITO DE MINAS;1,232698733;1,281384479;1,471328108
310830;BORDA DA MATA;1,045463098;1,053008811;1,064592766
310840;BOTELHOS;1,284906032;1,289592194;1,242042593
310850;BOTUMIRIM;1,246692285;1,272195433;1,299218272
310855;BRASILANDIA DE MINAS;1,478644912;1,681375879;1,718271525
310860;BRASILIA DE MINAS;1,852111944;1,923616994;1,917256609
310870;BRAS PIRES;1,539333397;1,095058349;1,321166899
310880;BRAUNAS;1,693424157;1,568274825;1,621319259
310890;BRAZOPOLIS;1,496198428;1,584543069;1,502160938
310900;BRUMADINHO;1,512962411;1,410068664;1,635408376
310910;BUENO BRANDAO;1,265601286;1,226683079;1,276160011
310920;BUENOPOLIS;1,319310602;1,376339791;1,221421825
310925;BUGRE;2,001396173;0,961689758;1,362411218
310930;BURITIS;1,665390061;1,839100762;1,787998914
310940;BURITIZEIRO;1,460056686;1,327677773;1,349580859
310945;CABECEIRA GRANDE;1,774162057;1,221331219;1,106319676
310950;CABO VERDE;1,264861312;1,375454234;1,202189934
310960;CACHOEIRA DA PRATA;1,460504386;1,060073473;1,261759747
310970;CACHOEIRA DE MINAS;1,706691119;1,696780888;1,586857419
310980;CACHOEIRA DOURADA;0,563538895;0,496586882;0,595053873
310990;CAETANOPOLIS;1,487954159;1,436462371;1,308781653
311000;CAETE;1,434588235;1,337075468;1,19619699
311010;CAIANA;1,667949374;1,407143976;1,210460676
311020;CAJURI;1,440873864;2,317869025;2,004607299
311030;CALDAS;1,293253384;1,13721298;0,910042157
311040;CAMACHO;1,545689723;1,40572321;2,10433179
311050;CAMANDUCAIA;1,683546052;1,653163494;1,571007952
311060;CAMBUI;1,496292677;1,593003097;1,238682396
311070;CAMBUQUIRA;1,432647637;1,504887435;1,668947634
311080;CAMPANARIO;1,266963096;0,956603649;0,878563161
311090;CAMPANHA;1,459030824;1,412947255;1,446034991
311100;CAMPESTRE;1,160971258;1,40685167;1,559760782
311110;CAMPINA VERDE;1,235183993;1,235454912;1,170621395
311115;CAMPO AZUL;1,619175006;1,453504088;1,209606117
311120;CAMPO BELO;1,512234467;1,470998223;1,536685099
311130;CAMPO DO MEIO;1,459223174;1,695176179;1,456953887
311140;CAMPO FLORIDO;1,70734467;1,947185428;1,472663378
311150;CAMPOS ALTOS;1,714365003;1,469558701;1,485280377
311160;CAMPOS GERAIS;1,363152538;1,425077374;1,307574789
311170;CANAA;1,393002245;1,907716632;1,188409626
311180;CANAPOLIS;1,206948617;1,403993107;1,360574989
311190;CANA VERDE;1,534750897;1,066676662;1,27106246
311200;CANDEIAS;1,019904537;1,444605309;1,090107726
311205;CANTAGALO;1,430419038;1,016620336;1,453876268
311210;CAPARAO;2,100190446;1,865972601;2,069897814
311220;CAPELA NOVA;1,551653703;1,211415557;1,542233035
311230;CAPELINHA;1,729507361;1,691050391;1,771332153
311240;CAPETINGA;1,545957712;1,429720424;1,653492132
311250;CAPIM BRANCO;1,438807483;1,264880322;1,36889393
311260;CAPINOPOLIS;1,331093403;1,359810441;1,419287322
311265;CAPITAO ANDRADE;1,294174779;1,266379349;1,228890474
311270;CAPITAO ENEAS;1,524286016;1,674971176;1,645692443
311280;CAPITOLIO;1,716470149;2,086564282;2,178387505
311290;CAPUTIRA;1,659373988;1,558958296;2,069854552
311300;CARAI;1,441291456;1,349178099;1,464300132
311310;CARANAIBA;1,464875636;1,06921939;1,372324173
311320;CARANDAI;1,488759532;1,486683013;1,31084283
311330;CARANGOLA;1,605170642;1,536209218;1,731712263
311340;CARATINGA;1,57671439;1,610386894;1,57444263
311350;CARBONITA;1,225302623;1,153800897;1,252384264
311360;CAREACU;1,512760987;1,304414093;1,460303432
311370;CARLOS CHAGAS;1,618672712;1,51407883;1,738764691
311380;CARMESIA;1,375960767;1,772642192;1,716310921
311390;CARMO DA CACHOEIRA;1,493513094;1,429148821;1,347501832
311400;CARMO DA MATA;1,117982913;1,260295536;1,076288012
311410;CARMO DE MINAS;1,168246415;1,319442882;1,174399277
311420;CARMO DO CAJURU;1,664114283;1,661292478;1,559501788
311430;CARMO DO PARANAIBA;1,686613436;1,518032976;1,358654522
311440;CARMO DO RIO CLARO;1,517482366;1,309130599;1,477817984
311450;CARMOPOLIS DE MINAS;1,460247247;1,398813286;1,456964204
311455;CARNEIRINHO;1,324374413;1,158981988;1,127471343
311460;CARRANCAS;1,647405892;1,605184025;2,001629974
311470;CARVALHOPOLIS;1,502940846;1,473773998;0,996015215
311480;CARVALHOS;1,374745667;1,337684387;1,403021014
311490;CASA GRANDE;1,081795689;1,319122354;1,37220476
311500;CASCALHO RICO;1,933366238;1,646095145;1,887675324
311510;CASSIA;1,666921654;1,733657613;1,716395117
311520;CONCEICAO DA BARRA DE MINAS;1,174363964;0,974517049;1,103135797
311530;CATAGUASES;1,356302093;1,213173129;1,194760704
311535;CATAS ALTAS;1,939667212;1,386356706;1,646142505
311540;CATAS ALTAS DA NORUEGA;1,149931621;1,28615578;1,167434468
311545;CATUJI;2,578727165;2,198557887;2,561216344
311547;CATUTI;1,336783018;1,35610661;1,376904654
311550;CAXAMBU;1,547543544;1,616099099;1,445312876
311560;CEDRO DO ABAETE;0,267794221;1,396825397;0,770915131
311570;CENTRAL DE MINAS;1,432366046;1,617308641;1,608704627
311580;CENTRALINA;1,051020037;1,304808733;1,465842974
311590;CHACARA;1,153190321;1,72059304;1,466712971
311600;CHALE;2,164539001;2,226835475;1,919207427
311610;CHAPADA DO NORTE;0,818743139;0,688915859;0,758868476
311615;CHAPADA GAUCHA;1,725062193;1,601966813;1,695618954
311620;CHIADOR;1,922489053;1,399555016;1,570803581
311630;CIPOTANEA;1,004088745;0,856715688;0,820203127
311640;CLARAVAL;0,619607395;0,28045412;0,350027561
311650;CLARO DOS POCOES;1,080608779;1,410637548;1,225077608
311660;CLAUDIO;1,748139116;1,80196695;1,610745289
311670;COIMBRA;1,341023425;1,195416349;1,118589203
311680;COLUNA;1,181282406;1,520483315;1,763428182
311690;COMENDADOR GOMES;1,825504765;1,050359494;1,239758196
311700;COMERCINHO;0,996932758;1,14710642;0,992418042
311710;CONCEICAO DA APARECIDA;1,620520845;1,663036134;1,451506513
311720;CONCEICAO DAS PEDRAS;1,481095416;1,478540444;1,530051658
311730;CONCEICAO DAS ALAGOAS;1,539840544;1,466101148;1,499367261
311740;CONCEICAO DE IPANEMA;1,042250375;1,894401613;1,699965929
311750;CONCEICAO DO MATO DENTRO;2,098157241;2,273381981;1,928723651
311760;CONCEICAO DO PARA;1,497290884;1,555308018;1,653161962
311770;CONCEICAO DO RIO VERDE;1,546594752;1,574723339;1,430152199
311780;CONCEICAO DOS OUROS;1,368245395;1,308804752;1,138616975
311783;CONEGO MARINHO;1,05693539;1,102547609;1,288459861
311787;CONFINS;1,597799464;1,724530726;1,601573417
311790;CONGONHAL;1,334392743;1,583919069;1,496575405
311800;CONGONHAS;1,52618843;1,522291571;1,582303736
311810;CONGONHAS DO NORTE;1,145989036;1,273259634;1,80170291
311820;CONQUISTA;1,296451783;1,610750011;1,079609921
311830;CONSELHEIRO LAFAIETE;1,682881259;1,577215418;1,52369739
311840;CONSELHEIRO PENA;1,41351435;1,434100525;1,390410322
311850;CONSOLACAO;1,485521284;0,968923681;1,51591685
311860;CONTAGEM;1,479799727;1,426941401;1,368656909
311870;COQUEIRAL;1,45964276;1,465338595;1,297223139
311880;CORACAO DE JESUS;1,325509732;1,174944149;1,323522403
311890;CORDISBURGO;1,313985369;0,974409123;1,246899312
311900;CORDISLANDIA;1,273749164;1,573867975;1,546514632
311910;CORINTO;1,538151661;1,737156484;1,702682294
311920;COROACI;0,952421305;1,070907692;1,192488644
311930;COROMANDEL;1,673055179;1,567378961;1,478716465
311940;CORONEL FABRICIANO;1,5459447;1,41996906;1,430850738
311950;CORONEL MURTA;1,443603759;1,335422951;1,440594925
311960;CORONEL PACHECO;0,960846175;1,584724163;1,109569525
311970;CORONEL XAVIER CHAVES;1,003622125;1,139463909;1,520095351
311980;CORREGO DANTA;1,27760448;0,907536131;1,063272137
311990;CORREGO DO BOM JESUS;1,15458617;1,764010712;0,91867126
311995;CORREGO FUNDO;1,449839546;1,322985204;0,975532217
312000;CORREGO NOVO;1,97692194;1,350506847;1,620195449
312010;COUTO DE MAGALHAES DE MINAS;1,676119593;1,70678139;1,678051457
312015;CRISOLITA;1,765721071;1,315701885;1,800384314
312020;CRISTAIS;1,392454154;1,349394528;1,243784871
312030;CRISTALIA;1,388379269;1,219913938;1,746376133
312040;CRISTIANO OTONI;1,762357057;1,516457433;1,474370951
312050;CRISTINA;1,29758967;1,47280531;1,596819379
312060;CRUCILANDIA;1,527286812;1,282207969;1,247323979
312070;CRUZEIRO DA FORTALEZA;2,243962644;1,862923782;1,703426746
312080;CRUZILIA;1,722020795;1,61055098;1,684383442
312083;CUPARAQUE;1,586469751;1,552116396;2,225945733
312087;CURRAL DE DENTRO;1,987574929;1,808861978;1,564381158
312090;CURVELO;1,553826166;1,479352188;1,508414134
312100;DATAS;1,816869112;1,946517262;1,533413771
312110;DELFIM MOREIRA;1,077908878;1,486188443;1,538741223
312120;DELFINOPOLIS;1,608157783;1,917706545;1,936116498
312125;DELTA;1,570874763;1,677124896;1,850343093
312130;DESCOBERTO;1,378879289;1,301503326;1,178416236
312140;DESTERRO DE ENTRE RIOS;1,684274209;1,53899161;1,648619406
312150;DESTERRO DO MELO;1,311589647;1,370642736;1,275769962
312160;DIAMANTINA;1,565424983;1,648788179;1,59691228
312170;DIOGO DE VASCONCELOS;1,50849172;1,732339334;1,458070912
312180;DIONISIO;1,061901597;0,999721576;0,814477497
312190;DIVINESIA;1,945890702;1,753521631;2,224615357
312200;DIVINO;2,124723764;1,942759145;1,794655076
312210;DIVINO DAS LARANJEIRAS;1,874707134;1,23876823;1,703210594
312220;DIVINOLANDIA DE MINAS;1,3909268;1,791676488;1,47290751
312230;DIVINOPOLIS;1,464850553;1,386172251;1,372688279
312235;DIVISA ALEGRE;1,79339625;1,352702238;1,134660141
312240;DIVISA NOVA;1,972053773;1,606465945;1,686323905
312245;DIVISOPOLIS;1,035852003;1,039906422;0,919003419
312247;DOM BOSCO;1,47452174;1,302476427;2,193471068
312250;DOM CAVATI;1,492467019;1,867071694;1,781005088
312260;DOM JOAQUIM;1,78248902;1,520218492;1,825160332
312270;DOM SILVERIO;1,006747795;1,342616001;1,187463579
312280;DOM VICOSO;1,432171332;1,422078478;1,228056151
312290;DONA EUSEBIA;1,571883427;1,47819743;1,314396882
312300;DORES DE CAMPOS;1,298543593;1,517969471;1,384998734
312310;DORES DE GUANHAES;1,542653891;1,274621082;1,671315108
312320;DORES DO INDAIA;1,095727774;1,328093012;1,3067433
312330;DORES DO TURVO;1,624193388;1,771876629;1,271714771
312340;DORESOPOLIS;2,058381841;1,651521164;1,101018199
312350;DOURADOQUARA;1,533955874;1,470351208;1,163915331
312352;DURANDE;1,992503589;1,899395057;2,413391895
312360;ELOI MENDES;1,502382374;1,50784603;1,47474614
312370;ENGENHEIRO CALDAS;1,271586868;1,499452424;1,404478799
312380;ENGENHEIRO NAVARRO;1,179915392;1,359246769;1,517107186
312385;ENTRE FOLHAS;1,728648504;1,670786247;1,931154747
312390;ENTRE RIOS DE MINAS;1,331835554;1,48893342;1,635925311
312400;ERVALIA;1,591129252;1,497591016;1,709326902
312410;ESMERALDAS;2,05609056;1,907267953;1,768989735
312420;ESPERA FELIZ;1,812973438;1,660045516;1,720314784
312430;ESPINOSA;1,641369635;1,437753618;1,558535179
312440;ESPIRITO SANTO DO DOURADO;2,963017497;3,517690616;3,567119909
312450;ESTIVA;1,366580194;1,538246132;1,319362544
312460;ESTRELA DALVA;1,245816454;1,944713916;1,286172422
312470;ESTRELA DO INDAIA;0,928501898;1,092715864;0,836431897
312480;ESTRELA DO SUL;1,093669532;1,341372522;1,435237148
312490;EUGENOPOLIS;1,16377394;1,471022508;1,179934607
312500;EWBANK DA CAMARA;1,432453146;1,927183269;1,745183314
312510;EXTREMA;2,301342878;2,322675442;2,516701577
312520;FAMA;0,950030069;1,537994795;1,219579359
312530;FARIA LEMOS;1,83646156;2,319138668;1,561117756
312540;FELICIO DOS SANTOS;1,732295568;1,751137376;1,972943631
312550;SAO GONCALO DO RIO PRETO;1,115320933;1,087509382;0,652589431
312560;FELISBURGO;1,991726413;1,886340333;1,526670229
312570;FELIXLANDIA;1,055637632;1,037650554;1,151371116
312580;FERNANDES TOURINHO;1,216844662;1,296420517;0,926854549
312590;FERROS;1,481236681;1,233892896;1,17051141
312595;FERVEDOURO;1,87090136;1,659169205;1,615044539
312600;FLORESTAL;1,027488676;1,405271324;1,186930348
312610;FORMIGA;1,370229221;1,424917958;1,35375527
312620;FORMOSO;1,064113149;1,317465416;1,206606423
312630;FORTALEZA DE MINAS;0,884412362;0,99889994;0,922317028
312640;FORTUNA DE MINAS;1,380897013;1,497182244;2,032270637
312650;FRANCISCO BADARO;0,864614264;0,644447503;0,834870662
312660;FRANCISCO DUMONT;1,276111767;1,233348129;1,136967252
312670;FRANCISCO SA;1,462070411;1,228658065;1,237688142
312675;FRANCISCOPOLIS;1,187038269;1,25187435;1,319277775
312680;FREI GASPAR;1,904022449;2,017078092;2,019949374
312690;FREI INOCENCIO;1,285583447;1,501006023;1,430154561
312695;FREI LAGONEGRO;1,381463992;1,629721073;1,317638687
312700;FRONTEIRA;0,90816356;0,839385773;0,783373451
312705;FRONTEIRA DOS VALES;1,506859934;1,549518943;1,815885833
312707;FRUTA DE LEITE;1,428364768;1,250270047;1,557527945
312710;FRUTAL;1,692051899;1,520696519;1,542390786
312720;FUNILANDIA;1,071266981;1,690335644;1,283691788
312730;GALILEIA;1,642090827;1,924916683;1,709089649
312733;GAMELEIRAS;1,967421711;1,728291787;1,641222186
312735;GLAUCILANDIA;1,429293615;0,896174629;1,163393215
312737;GOIABEIRA;1,314837788;1,720861972;1,498109326
312738;GOIANA;1,631528508;1,246547186;0,816341381
312740;GONCALVES;1,020410687;1,450203777;1,459281734
312750;GONZAGA;1,399306035;1,429099295;1,336593196
312760;GOUVEIA;1,39077327;1,338515805;1,482030586
312770;GOVERNADOR VALADARES;1,721740017;1,591646048;1,576990846
312780;GRAO MOGOL;1,247588871;1,168592212;1,148840605
312790;GRUPIARA;1,230221879;0,935618858;1,924023802
312800;GUANHAES;1,546458479;1,495857709;1,41934699
312810;GUAPE;1,389946143;1,406480626;1,164948778
312820;GUARACIABA;1,432739223;1,031665257;0,971716441
312825;GUARACIAMA;1,524793364;1,480137629;1,17737533
312830;GUARANESIA;1,640423002;1,582567384;1,739541834
312840;GUARANI;1,523541689;1,303231071;1,266638108
312850;GUARARA;1,285271077;1,325581945;1,640447733
312860;GUARDA-MOR;1,67340298;1,17041075;1,422206618
312870;GUAXUPE;1,504548245;1,340395589;1,388816252
312880;GUIDOVAL;1,552849489;1,999273267;2,022512682
312890;GUIMARANIA;1,783480867;1,844711589;1,876260725
312900;GUIRICEMA;1,380146245;1,07750559;1,245033501
312910;GURINHATA;0,947209949;1,036299982;0,790417799
312920;HELIODORA;1,275481611;1,362541318;1,398475725
312930;IAPU;1,402670886;1,266888916;1,647288399
312940;IBERTIOGA;1,532292543;1,748581983;1,529430861
312950;IBIA;1,469702138;1,53646871;1,305101846
312960;IBIAI;1,436280817;1,412967887;1,493691449
312965;IBIRACATU;1,648031982;1,396401782;1,557334345
312970;IBIRACI;1,39053793;1,287062472;1,188097693
312980;IBIRITE;1,568799402;1,49374843;1,444315105
312990;IBITIURA DE MINAS;1,279495653;1,083000615;1,305654332
313000;IBITURUNA;0,800587731;1,309344848;0,770261669
313005;ICARAI DE MINAS;1,130757163;0,832898349;1,231131854
313010;IGARAPE;1,721481861;1,6570721;1,782896458
313020;IGARATINGA;1,470548315;1,480598961;1,715658888
313030;IGUATAMA;1,220004705;1,318463278;1,127961286
313040;IJACI;1,634548104;1,306738276;1,417085381
313050;ILICINEA;1,587440152;1,538004088;1,402054506
313055;IMBE DE MINAS;1,536063959;1,668813199;1,669288809
313060;INCONFIDENTES;1,032841292;1,156049622;1,379755378
313065;INDAIABIRA;1,243040105;1,47298129;1,168609233
313070;INDIANOPOLIS;1,293983705;1,089610346;1,023021511
313080;INGAI;1,381720043;1,696680596;1,101860759
313090;INHAPIM;1,432898814;1,392868127;1,472786162
313100;INHAUMA;1,229655476;1,156853496;1,432682124
313110;INIMUTABA;1,067421025;1,340549279;1,092164572
313115;IPABA;1,508993923;1,497120345;1,624577754
313120;IPANEMA;1,610314059;1,323498418;1,554654181
313130;IPATINGA;1,392785989;1,30882318;1,38269386
313140;IPIACU;0,873027999;1,336855682;1,396057905
313150;IPUIUNA;1,420975915;1,135885383;1,37159577
313160;IRAI DE MINAS;1,662700273;2,022914024;1,550876921
313170;ITABIRA;1,398748884;1,374037163;1,332946586
313180;ITABIRINHA;1,520385724;1,679859584;1,888075495
313190;ITABIRITO;1,765693118;1,785188448;1,775000797
313200;ITACAMBIRA;1,015238492;0,789683913;0,967850124
313210;ITACARAMBI;1,842078066;1,516976649;1,763993289
313220;ITAGUARA;1,521441327;1,533087831;1,706241904
313230;ITAIPE;1,673098402;1,485116297;1,937834287
313240;ITAJUBA;1,607917051;1,414974632;1,465982221
313250;ITAMARANDIBA;1,414996643;1,507752645;1,531259433
313260;ITAMARATI DE MINAS;1,262682097;1,667368998;1,254180417
313270;ITAMBACURI;1,593635787;1,658890989;1,719135035
313280;ITAMBE DO MATO DENTRO;1,768313849;2,457564606;1,565874616
313290;ITAMOGI;1,907767186;1,48583794;1,524786168
313300;ITAMONTE;1,443379511;1,361613895;1,523837427
313310;ITANHANDU;1,455523608;1,451004039;1,548682764
313320;ITANHOMI;1,610174529;1,639322686;1,670319379
313330;ITAOBIM;1,564275108;1,501188198;1,32234281
313340;ITAPAGIPE;0,96142044;1,116820005;0,85864852
313350;ITAPECERICA;1,240116916;1,309626978;1,263211536
313360;ITAPEVA;1,911328015;1,887061948;1,562916576
313370;ITATIAIUCU;1,471651903;1,643402641;1,44437039
313375;ITAU DE MINAS;1,296064545;1,171629898;1,244450348
313380;ITAUNA;1,455488014;1,40742352;1,381254586
313390;ITAVERAVA;1,264479252;1,24816843;1,33083172
313400;ITINGA;1,174519312;1,321668888;1,092405078
313410;ITUETA;1,710068075;1,725682098;1,953843197
313420;ITUIUTABA;1,547869864;1,373089132;1,355987858
313430;ITUMIRIM;1,616452612;1,407954339;1,535436596
313440;ITURAMA;1,616231296;1,484034541;1,540207787
313450;ITUTINGA;1,581693666;2,17499418;1,847081666
313460;JABOTICATUBAS;1,329955979;1,511522568;1,497859631
313470;JACINTO;1,293682783;1,491714801;1,583341614
313480;JACUI;1,868875364;1,638729175;1,616306236
313490;JACUTINGA;1,685531251;1,424285955;1,455144692
313500;JAGUARACU;1,437318139;1,877711403;1,019708522
313505;JAIBA;1,861203605;1,697594466;1,675212354
313507;JAMPRUCA;1,309789441;1,664959056;1,357899507
313510;JANAUBA;1,695011693;1,746900847;1,697450776
313520;JANUARIA;1,6721423;1,588551931;1,801543278
313530;JAPARAIBA;1,479366598;1,397552777;1,855082918
313535;JAPONVAR;1,598960609;1,4955953;1,426176104
313540;JECEABA;1,894797761;2,299956395;1,655830572
313545;JENIPAPO DE MINAS;1,080324698;1,275561511;0,987755127
313550;JEQUERI;1,815864625;1,546499271;1,579258547
313560;JEQUITAI;1,191500994;1,247099545;1,173391426
313570;JEQUITIBA;1,628042565;1,499583234;1,667332659
313580;JEQUITINHONHA;1,559581742;1,263420835;1,40781523
313590;JESUANIA;1,483290187;1,210548523;1,600398487
313600;JOAIMA;1,710649836;1,628607115;1,779164193
313610;JOANESIA;2,026218431;1,350728511;1,231259087
313620;JOAO MONLEVADE;1,541571833;1,40417198;1,448805582
313630;JOAO PINHEIRO;1,882456029;1,733453582;1,798363549
313640;JOAQUIM FELICIO;1,316160017;1,060052565;1,274154059
313650;JORDANIA;1,362106642;1,353723862;1,27072033
313652;JOSE GONCALVES DE MINAS;0,929229131;1,208572432;0,858841701
313655;JOSE RAYDAN;1,216425296;1,263548953;1,468366277
313657;JOSENOPOLIS;1,050777269;1,170125375;1,557417118
313660;NOVA UNIAO;2,240421449;1,791658369;1,831729023
313665;JUATUBA;1,865878683;1,898973512;1,616893099
313670;JUIZ DE FORA;1,432115919;1,347913169;1,266903432
313680;JURAMENTO;1,157799255;1,116030235;1,282553487
313690;JURUAIA;1,429585911;1,774446108;1,275839653
313695;JUVENILIA;1,256664811;1,455002574;1,790659142
313700;LADAINHA;1,459865727;1,20576166;1,141278419
313710;LAGAMAR;0,943159723;1,151523164;1,094282388
313720;LAGOA DA PRATA;1,575109731;1,476546229;1,474844916
313730;LAGOA DOS PATOS;1,489599177;1,449243259;1,444489468
313740;LAGOA DOURADA;1,426109395;1,556034743;1,47385786
313750;LAGOA FORMOSA;1,572005573;1,521372525;1,512892262
313753;LAGOA GRANDE;1,293478885;1,158196945;1,231885003
313760;LAGOA SANTA;1,543730612;1,494326745;1,538488472
313770;LAJINHA;2,26237019;2,187594089;2,040482727
313780;LAMBARI;1,388473571;1,444775652;1,51921127
313790;LAMIM;1,497849207;1,01967169;0,906462559
313800;LARANJAL;0,762008873;1,371115223;0,927584448
313810;LASSANCE;1,525864804;1,369900906;1,976473322
313820;LAVRAS;1,736103471;1,635422509;1,564886548
313830;LEANDRO FERREIRA;1,007525772;0,867058689;1,463335703
313835;LEME DO PRADO;0,872894221;0,804473111;1,287620448
313840;LEOPOLDINA;1,551922931;1,499065763;1,377202045
313850;LIBERDADE;1,257824645;1,497888315;1,335322572
313860;LIMA DUARTE;1,527112839;1,459641871;1,470540483
313862;LIMEIRA DO OESTE;1,663253228;1,450993747;1,508216888
313865;LONTRA;1,416764417;1,336675224;1,360496212
313867;LUISBURGO;2,388180455;2,377080188;2,431735068
313868;LUISLANDIA;1,354999604;1,334313738;1,457343164
313870;LUMINARIAS;1,390938947;1,22674915;1,199049437
313880;LUZ;1,410543485;1,252504415;1,554719121
313890;MACHACALIS;1,72798638;1,657593004;1,615512225
313900;MACHADO;1,440505336;1,501694681;1,241848409
313910;MADRE DE DEUS DE MINAS;1,41968922;1,23267112;1,705708014
313920;MALACACHETA;1,43989236;1,539365138;1,399234601
313925;MAMONAS;1,262598118;1,207997893;1,118869729
313930;MANGA;1,993800461;2,023486494;2,180467283
313940;MANHUACU;1,858618388;1,660192727;1,836902304
313950;MANHUMIRIM;1,624654445;1,469145548;1,455210133
313960;MANTENA;1,615931154;1,600576993;1,732123323
313970;MARAVILHAS;1,369671078;0,882693728;1,246673351
313980;MAR DE ESPANHA;1,547623677;1,567063072;1,488281916
313990;MARIA DA FE;1,60564974;1,684979017;1,421527317
314000;MARIANA;1,45929576;1,620418193;1,659314012
314010;MARILAC;1,75169182;1,363831201;1,663638313
314015;MARIO CAMPOS;1,606280971;1,544862103;1,632708549
314020;MARIPA DE MINAS;1,835056437;1,423805658;1,605533517
314030;MARLIERIA;1,885764268;1,21343836;1,633437552
314040;MARMELOPOLIS;2,248155829;1,826086002;1,461948716
314050;MARTINHO CAMPOS;1,387208669;1,22342386;1,357054264
314053;MARTINS SOARES;2,412232412;1,903741609;2,387129583
314055;MATA VERDE;1,574412924;1,359900605;1,529789942
314060;MATERLANDIA;1,146366602;1,313136854;1,711772127
314070;MATEUS LEME;1,728487504;1,813299926;1,87334501
314080;MATIAS BARBOSA;1,430478378;1,335960084;1,268625475
314085;MATIAS CARDOSO;1,320848224;1,42395494;1,504138948
314090;MATIPO;1,656305624;1,140927623;1,70333531
314100;MATO VERDE;1,603736999;1,566801583;1,603282497
314110;MATOZINHOS;1,526544248;1,377025137;1,402052375
314120;MATUTINA;1,316478708;1,594589333;1,129301464
314130;MEDEIROS;1,46688342;1,230180516;1,446706405
314140;MEDINA;1,57508159;1,487785711;1,858758454
314150;MENDES PIMENTEL;1,102389071;1,149936095;1,329018809
314160;MERCES;0,965236465;1,167807606;1,125053497
314170;MESQUITA;1,455980323;1,338646507;1,385873269
314180;MINAS NOVAS;1,000535604;1,072130517;1,027561518
314190;MINDURI;1,715651967;1,337179074;1,300277259
314200;MIRABELA;1,431829085;1,533459532;1,462747717
314210;MIRADOURO;1,240677495;1,19555036;1,009180992
314220;MIRAI;1,383566614;1,456417231;1,307189811
314225;MIRAVANIA;1,255625485;1,222650471;1,122144689
314230;MOEDA;1,640474453;1,676546125;2,272463239
314240;MOEMA;1,422744941;1,574449301;1,781146216
314250;MONJOLOS;1,303779925;1,443448862;1,129625264
314260;MONSENHOR PAULO;0,955553605;1,208872314;1,359015848
314270;MONTALVANIA;1,783970423;2,046287573;1,781655981
314280;MONTE ALEGRE DE MINAS;1,470288999;1,277106814;1,535707188
314290;MONTE AZUL;1,459208535;1,744715227;1,38636477
314300;MONTE BELO;1,42540946;1,367550229;1,262086367
314310;MONTE CARMELO;1,620817183;1,460296152;1,400014387
314315;MONTE FORMOSO;2,189748739;1,911031907;1,433537441
314320;MONTE SANTO DE MINAS;1,535854054;1,457774773;1,534287164
314330;MONTES CLAROS;1,741911542;1,686991087;1,657262677
314340;MONTE SIAO;1,048562607;0,941224646;0,864124922
314345;MONTEZUMA;1,043131704;1,154193926;1,526614422
314350;MORADA NOVA DE MINAS;1,345549439;1,050312752;1,645899712
314360;MORRO DA GARCA;1,090090479;2,225107766;1,316112672
314370;MORRO DO PILAR;1,567242688;1,311393887;1,131910336
314380;MUNHOZ;1,138693692;1,836356058;1,596728671
314390;MURIAE;1,493514057;1,439801235;1,527509592
314400;MUTUM;1,871940285;1,825370145;1,728318616
314410;MUZAMBINHO;1,813180196;1,747158769;1,711074473
314420;NACIP RAYDAN;1,74216983;1,237172718;0,803752145
314430;NANUQUE;1,516164359;1,416950604;1,536618461
314435;NAQUE;2,160287903;2,361363387;2,24708551
314437;NATALANDIA;1,455745317;1,562491889;1,653778489
314440;NATERCIA;1,094839219;1,011297958;1,146272338
314450;NAZARENO;1,237951169;1,404764774;1,192264078
314460;NEPOMUCENO;1,279424838;1,327120189;1,221577315
314465;NINHEIRA;1,428592914;1,07358516;1,571271333
314467;NOVA BELEM;2,033279661;2,127599435;1,827897608
314470;NOVA ERA;1,38649668;1,423714498;1,486226438
314480;NOVA LIMA;1,785153718;1,75474723;1,685597354
314490;NOVA MODICA;1,23679198;1,515334349;1,74789764
314500;NOVA PONTE;1,680257283;1,385516884;1,307589672
314505;NOVA PORTEIRINHA;1,613543434;1,467037252;1,805206181
314510;NOVA RESENDE;1,84409842;1,692251335;1,936752875
314520;NOVA SERRANA;1,913027493;1,86875523;1,747063442
314530;NOVO CRUZEIRO;1,524080796;1,350206132;1,445329555
314535;NOVO ORIENTE DE MINAS;1,695591439;1,48873717;1,787248271
314537;NOVORIZONTE;1,161983511;1,225406609;1,682743631
314540;OLARIA;1,66235762;2,166671941;2,363679424
314545;OLHOS-D'AGUA;1,601555406;1,706059646;1,108447537
314550;OLIMPIO NORONHA;1,725082733;1,23247736;1,642032762
314560;OLIVEIRA;1,400926584;1,431137869;1,211823143
314570;OLIVEIRA FORTES;1,077659349;1,433965907;1,244041064
314580;ONCA DE PITANGUI;1,10082049;1,020985112;0,862272053
314585;ORATORIOS;1,484428988;1,921185613;1,602026232
314587;ORIZANIA;1,678746848;1,56909651;1,80727817
314590;OURO BRANCO;1,624202511;1,398247797;1,401109255
314600;OURO FINO;1,387115985;1,403013062;1,436547384
314610;OURO PRETO;1,258010292;1,273673038;1,349903721
314620;OURO VERDE DE MINAS;1,99764618;2,345142364;2,338126602
314625;PADRE CARVALHO;1,268110739;1,10718868;1,31728873
314630;PADRE PARAISO;1,438745698;1,638627059;1,460504793
314640;PAINEIRAS;1,083995343;1,24134974;0,749194433
314650;PAINS;1,778758563;1,777602054;1,55854909
314655;PAI PEDRO;1,177289243;1,446029164;1,468174782
314660;PAIVA;1,190936257;1,121729261;1,539459795
314670;PALMA;1,20886025;1,063613997;1,437437065
314675;PALMOPOLIS;2,215302893;3,139991949;2,11518202
314690;PAPAGAIOS;1,254174641;1,399371475;1,329951623
314700;PARACATU;1,775999625;1,744338967;1,614785401
314710;PARA DE MINAS;1,475609698;1,51711627;1,530811627
314720;PARAGUACU;1,550376242;1,717603928;1,566812477
314730;PARAISOPOLIS;1,26345316;1,165239604;1,351385217
314740;PARAOPEBA;1,711641885;1,41906588;1,514893726
314750;PASSABEM;0,920182589;0,709617841;1,182597066
314760;PASSA QUATRO;1,578743754;1,30174651;1,382658839
314770;PASSA TEMPO;1,012945376;1,045772096;0,829904078
314780;PASSA-VINTE;0,804485464;1,677553149;1,277312978
314790;PASSOS;1,556416693;1,647418141;1,522774636
314795;PATIS;1,136438938;1,225749203;0,942863604
314800;PATOS DE MINAS;1,564603379;1,545099132;1,461700798
314810;PATROCINIO;1,920305433;1,8389832;1,690391823
314820;PATROCINIO DO MURIAE;0,75848977;1,302317138;1,559018662
314830;PAULA CANDIDO;1,461047539;1,557403202;1,114447025
314840;PAULISTAS;1,169293646;1,521181509;1,26547604
314850;PAVAO;1,512881581;1,381357745;1,496445443
314860;PECANHA;1,630768481;1,526606229;1,660061169
314870;PEDRA AZUL;1,732255061;1,642900555;1,501189227
314875;PEDRA BONITA;1,912049352;1,499806637;1,901533082
314880;PEDRA DO ANTA;0,996071584;1,289152348;1,812508816
314890;PEDRA DO INDAIA;1,044556552;1,07547173;1,132804845
314900;PEDRA DOURADA;1,606218258;1,569844813;1,589817817
314910;PEDRALVA;1,641616672;1,48036774;1,301040286
314915;PEDRAS DE MARIA DA CRUZ;1,298022734;1,345225779;1,121191402
314920;PEDRINOPOLIS;0,992740354;1,074345914;0,886377006
314930;PEDRO LEOPOLDO;1,435066623;1,348071901;1,411381442
314940;PEDRO TEIXEIRA;1,22913406;0,985228396;1,205050339
314950;PEQUERI;1,707333355;1,385575589;1,239444144
314960;PEQUI;1,335769679;1,192524294;1,326103224
314970;PERDIGAO;1,757042005;1,838582698;1,725225471
314980;PERDIZES;1,767594363;1,487452413;1,654367843
314990;PERDOES;1,220954083;1,280301598;1,175769612
314995;PERIQUITO;1,969912859;1,890150225;1,83741065
315000;PESCADOR;1,600735684;1,395172016;1,179483144
315010;PIAU;1,281774072;1,952065156;1,286388705
315015;PIEDADE DE CARATINGA;1,884881161;2,120116217;2,431147037
315020;PIEDADE DE PONTE NOVA;1,950609618;1,638271605;1,594386553
315030;PIEDADE DO RIO GRANDE;1,603642667;1,56659788;1,645708021
315040;PIEDADE DOS GERAIS;1,24440296;1,144294968;1,504269009
315050;PIMENTA;1,130233876;0,944168576;1,186369327
315053;PINGO-D'AGUA;1,534828151;1,794565626;1,449754693
315057;PINTOPOLIS;1,820843707;1,403086825;1,797558407
315060;PIRACEMA;1,492048449;1,192857995;1,300338011
315070;PIRAJUBA;1,454891647;1,47382816;1,60543881
315080;PIRANGA;1,100231673;1,066693648;1,079305125
315090;PIRANGUCU;1,658647386;1,49109837;1,45214404
315100;PIRANGUINHO;1,976796991;2,067346121;1,912694265
315110;PIRAPETINGA;1,860805191;1,76469143;1,611178909
315120;PIRAPORA;1,662699352;1,84922404;1,632946786
315130;PIRAUBA;1,605056256;1,5790878;1,571140215
315140;PITANGUI;1,557226353;1,561485793;1,471158416
315150;PIUMHI;1,702606707;1,720683708;1,493617991
315160;PLANURA;1,428450536;1,295017779;1,380512573
315170;POCO FUNDO;1,534954273;1,527983713;1,228464188
315180;POCOS DE CALDAS;1,463754412;1,467275116;1,371648814
315190;POCRANE;1,543189391;1,623291711;2,008453784
315200;POMPEU;1,665907298;1,610317989;1,625110974
315210;PONTE NOVA;1,567207125;1,395979234;1,589055816
315213;PONTO CHIQUE;1,865134927;1,362360152;1,87906047
315217;PONTO DOS VOLANTES;1,726862583;1,493971734;1,393759324
315220;PORTEIRINHA;1,561752328;1,668946044;1,607126638
315230;PORTO FIRME;1,099918818;1,096216705;1,157205176
315240;POTE;1,40360255;1,436634868;1,496237647
315250;POUSO ALEGRE;1,575094419;1,639301466;1,602139752
315260;POUSO ALTO;1,591203714;1,867985563;1,455208115
315270;PRADOS;1,154394085;1,633344678;1,276924721
315280;PRATA;1,451242607;1,559144568;1,591803847
315290;PRATAPOLIS;1,291451992;1,520741023;1,629871341
315300;PRATINHA;1,770549852;1,311864827;1,979636969
315310;PRESIDENTE BERNARDES;0,87904045;1,053776598;0,914763163
315320;PRESIDENTE JUSCELINO;1,567344691;0,983451208;1,424769285
315330;PRESIDENTE KUBITSCHEK;1,890712452;1,8896209;1,57669148
315340;PRESIDENTE OLEGARIO;1,180363814;1,072131306;1,341314
315350;ALTO JEQUITIBA;2,12191532;1,782936905;1,982201742
315360;PRUDENTE DE MORAIS;1,459996054;1,673848712;1,702534036
315370;QUARTEL GERAL;1,269653941;1,087019986;0,941632434
315380;QUELUZITO;1,878518438;1,109157509;1,548874578
315390;RAPOSOS;1,388438725;1,595372567;1,382470236
315400;RAUL SOARES;1,615861088;1,468900828;1,448683532
315410;RECREIO;1,229045749;1,060795604;1,114802832
315415;REDUTO;2,416236114;2,143342846;2,099737571
315420;RESENDE COSTA;1,058519041;1,462840414;1,36747636
315430;RESPLENDOR;1,701810821;1,794970011;1,813766497
315440;RESSAQUINHA;1,703798774;1,305816881;1,210008581
315445;RIACHINHO;1,347375367;1,457106315;1,419396206
315450;RIACHO DOS MACHADOS;1,705761949;1,616561234;1,547497984
315460;RIBEIRAO DAS NEVES;1,572424686;1,520465165;1,50200472
315470;RIBEIRAO VERMELHO;1,333805084;1,309376145;1,224001743
315480;RIO ACIMA;1,390045606;1,474918147;1,303959314
315490;RIO CASCA;1,543107679;1,633342325;1,191121015
315500;RIO DOCE;1,593171829;1,332264249;1,566590557
315510;RIO DO PRADO;1,71297112;1,556219052;1,255289662
315520;RIO ESPERA;1,156650919;1,492050271;1,105633108
315530;RIO MANSO;1,28168188;1,161823993;1,057942987
315540;RIO NOVO;1,431839774;1,316616456;1,242197213
315550;RIO PARANAIBA;1,747733968;2,299872616;1,794941979
315560;RIO PARDO DE MINAS;1,461626723;1,520939468;1,496725922
315570;RIO PIRACICABA;1,418088515;1,183031554;1,194430965
315580;RIO POMBA;1,296632423;1,326063792;1,545655487
315590;RIO PRETO;1,019738357;1,266755257;1,453315427
315600;RIO VERMELHO;1,268577579;1,399975024;1,039671129
315610;RITAPOLIS;1,592959871;1,704708091;0,910322283
315620;ROCHEDO DE MINAS;1,572122017;1,962798375;0,98246773
315630;RODEIRO;1,815820838;1,750022896;1,620059343
315640;ROMARIA;1,526927034;1,734349238;1,496986707
315645;ROSARIO DA LIMEIRA;1,269528904;1,3325362;1,448590857
315650;RUBELITA;1,486026315;1,465790166;1,481124027
315660;RUBIM;1,446386331;1,820921302;1,105065868
315670;SABARA;1,444766734;1,433211649;1,346958912
315680;SABINOPOLIS;1,395485509;1,447459379;1,510293425
315690;SACRAMENTO;1,597870485;1,524069075;1,55223699
315700;SALINAS;1,546347709;1,567556748;1,531599538
315710;SALTO DA DIVISA;1,254617365;1,236097091;1,329054929
315720;SANTA BARBARA;1,508543205;1,582192368;1,481614925
315725;SANTA BARBARA DO LESTE;2,004791019;2,081231647;1,575442385
315727;SANTA BARBARA DO MONTE VERDE;1,40558576;1,838962682;1,07633402
315730;SANTA BARBARA DO TUGURIO;1,173296831;0,83544929;0,936180202
315733;SANTA CRUZ DE MINAS;1,324472682;1,385992493;1,24366538
315737;SANTA CRUZ DE SALINAS;1,650506846;1,971885736;1,793258513
315740;SANTA CRUZ DO ESCALVADO;1,419116544;1,260960965;1,446809211
315750;SANTA EFIGENIA DE MINAS;1,411298798;1,595237062;1,635647063
315760;SANTA FE DE MINAS;1,539972877;1,452755102;1,485449167
315765;SANTA HELENA DE MINAS;1,960152694;1,802911163;2,17313782
315770;SANTA JULIANA;1,739104632;1,674116453;1,802298412
315780;SANTA LUZIA;1,598764364;1,588866762;1,52139313
315790;SANTA MARGARIDA;1,950888658;1,871767142;2,098189552
315800;SANTA MARIA DE ITABIRA;1,428978517;1,381692096;1,632303375
315810;SANTA MARIA DO SALTO;1,837746699;1,297271878;1,517491044
315820;SANTA MARIA DO SUACUI;1,570479544;1,453253389;1,611062578
315830;SANTANA DA VARGEM;1,398331884;1,360516297;1,235272132
315840;SANTANA DE CATAGUASES;1,011524801;1,001439879;1,095562149
315850;SANTANA DE PIRAPAMA;1,190686971;1,094327468;1,273507405
315860;SANTANA DO DESERTO;1,021928439;0,954948232;1,233435284
315870;SANTANA DO GARAMBEU;1,045333972;1,309930067;0,93780489
315880;SANTANA DO JACARE;1,424429499;1,177336301;1,532810344
315890;SANTANA DO MANHUACU;2,058669598;2,271673103;2,44851426
315895;SANTANA DO PARAISO;2,561730314;2,424375088;2,554177484
315900;SANTANA DO RIACHO;1,476765694;1,682547568;2,00715295
315910;SANTANA DOS MONTES;1,050318117;1,190610007;1,06600946
315920;SANTA RITA DE CALDAS;1,452264112;1,611087828;0,893125614
315930;SANTA RITA DE JACUTINGA;1,129465379;1,348918438;1,527149336
315935;SANTA RITA DE MINAS;1,981391942;1,933475771;1,913437562
315940;SANTA RITA DE IBITIPOCA;1,142564245;1,285454764;1,649389426
315950;SANTA RITA DO ITUETO;2,170905151;2,350908527;2,450150536
315960;SANTA RITA DO SAPUCAI;1,371063965;1,375174383;1,377234451
315970;SANTA ROSA DA SERRA;1,295498176;1,652318618;2,114243157
315980;SANTA VITORIA;1,873608818;1,586405662;1,816636742
315990;SANTO ANTONIO DO AMPARO;1,439370038;1,214012517;1,206022703
316000;SANTO ANTONIO DO AVENTUREIRO;1,004532804;1,160238162;1,564171761
316010;SANTO ANTONIO DO GRAMA;1,85567587;1,550746955;1,665496752
316020;SANTO ANTONIO DO ITAMBE;1,49620793;1,255727553;1,411538762
316030;SANTO ANTONIO DO JACINTO;1,654990715;1,559421813;1,527602306
316040;SANTO ANTONIO DO MONTE;1,449010947;1,65494025;1,713063246
316045;SANTO ANTONIO DO RETIRO;1,425634928;1,334509533;1,344832845
316050;SANTO ANTONIO DO RIO ABAIXO;1,05452464;1,311303461;1,756548652
316060;SANTO HIPOLITO;1,056832291;1,116874086;1,100686
316070;SANTOS DUMONT;1,420901026;1,304472345;1,27523915
316080;SAO BENTO ABADE;1,714018983;1,790810785;1,677522501
316090;SAO BRAS DO SUACUI;1,036463832;1,24840944;1,423662572
316095;SAO DOMINGOS DAS DORES;2,188528676;2,080186101;1,857710311
316100;SAO DOMINGOS DO PRATA;1,193720969;1,295664796;1,299309443
316105;SAO FELIX DE MINAS;1,235870623;1,054968874;1,515482928
316110;SAO FRANCISCO;1,714096184;1,570321105;1,680264293
316120;SAO FRANCISCO DE PAULA;1,558405357;1,479977765;1,143255445
316130;SAO FRANCISCO DE SALES;0,865239778;1,021397034;0,979544139
316140;SAO FRANCISCO DO GLORIA;1,473432621;1,34360874;1,325927669
316150;SAO GERALDO;1,157269592;1,051035088;1,183601368
316160;SAO GERALDO DA PIEDADE;1,070693214;1,04011581;1,547057188
316165;SAO GERALDO DO BAIXIO;1,58557053;1,134353318;1,179219404
316170;SAO GONCALO DO ABAETE;0,932449274;0,86778352;0,905498202
316180;SAO GONCALO DO PARA;1,558545333;1,256104705;1,581923595
316190;SAO GONCALO DO RIO ABAIXO;1,759191549;1,613397011;1,452282397
316200;SAO GONCALO DO SAPUCAI;1,74418203;1,674410715;1,613699591
316210;SAO GOTARDO;2,547296257;2,020068172;2,373711966
316220;SAO JOAO BATISTA DO GLORIA;1,444260608;1,767817721;1,627063437
316225;SAO JOAO DA LAGOA;1,559846031;1,697733831;1,48258415
316230;SAO JOAO DA MATA;1,644571724;1,291667917;1,711020384
316240;SAO JOAO DA PONTE;1,276356049;1,353120883;1,384311203
316245;SAO JOAO DAS MISSOES;2,28680499;2,580526488;2,549473286
316250;SAO JOAO DEL REI;1,433118196;1,424680764;1,319073663
316255;SAO JOAO DO MANHUACU;1,792753841;1,701258155;1,722260404
316257;SAO JOAO DO MANTENINHA;1,876926017;1,349558266;1,519238328
316260;SAO JOAO DO ORIENTE;2,167750785;1,537197769;1,596227794
316265;SAO JOAO DO PACUI;1,325225001;1,289594363;0,887101662
316270;SAO JOAO DO PARAISO;1,290635514;1,367603144;1,298097256
316280;SAO JOAO EVANGELISTA;2,011981032;1,952932682;1,765675228
316290;SAO JOAO NEPOMUCENO;1,475255491;1,575343146;1,336844914
316292;SAO JOAQUIM DE BICAS;2,042309774;1,941662541;1,967667113
316294;SAO JOSE DA BARRA;1,57935904;1,701833442;1,664974963
316295;SAO JOSE DA LAPA;1,767892541;1,725933279;1,676140801
316300;SAO JOSE DA SAFIRA;1,649180551;1,255984909;1,956342754
316310;SAO JOSE DA VARGINHA;1,304157672;0,989493263;0,878922822
316320;SAO JOSE DO ALEGRE;1,773854132;1,244008718;1,846769562
316330;SAO JOSE DO DIVINO;1,179330794;1,211689803;1,513795007
316340;SAO JOSE DO GOIABAL;1,677475368;1,492506712;1,410202473
316350;SAO JOSE DO JACURI;0,960932272;1,355756744;2,123693211
316360;SAO JOSE DO MANTIMENTO;1,933070068;1,846802236;1,65616557
316370;SAO LOURENCO;1,434618093;1,397037692;1,502017792
316380;SAO MIGUEL DO ANTA;1,158260918;1,39771077;1,211183677
316390;SAO PEDRO DA UNIAO;1,769096446;1,489936123;1,792257673
316400;SAO PEDRO DOS FERROS;1,681531323;1,162646891;1,26160278
316410;SAO PEDRO DO SUACUI;1,638576735;1,398356779;1,129534786
316420;SAO ROMAO;0,891209245;0,94730416;0,885153609
316430;SAO ROQUE DE MINAS;1,396350367;1,606384392;1,819497489
316440;SAO SEBASTIAO DA BELA VISTA;1,901848573;1,853883047;2,433458244
316443;SAO SEBASTIAO DA VARGEM ALEGRE;1,818772799;1,354952312;1,426935423
316447;SAO SEBASTIAO DO ANTA;1,600559564;1,694069444;1,814022987
316450;SAO SEBASTIAO DO MARANHAO;1,402962742;1,24240637;1,395373805
316460;SAO SEBASTIAO DO OESTE;2,80452245;2,594862424;3,068870081
316470;SAO SEBASTIAO DO PARAISO;1,761692838;1,609877375;1,463721714
316480;SAO SEBASTIAO DO RIO PRETO;0,989879522;1,490583612;1,931789535
316490;SAO SEBASTIAO DO RIO VERDE;1,490374187;0,956274729;1,228240213
316500;SAO TIAGO;1,429286659;1,723673926;1,435168423
316510;SAO TOMAS DE AQUINO;1,638884058;1,732192358;1,70322453
316520;SAO THOME DAS LETRAS;1,693549348;1,092731553;1,156655419
316530;SAO VICENTE DE MINAS;1,217325303;1,249310183;1,319628242
316540;SAPUCAI-MIRIM;1,382050733;1,444724514;1,376274831
316550;SARDOA;1,539594627;1,423617834;1,507845508
316553;SARZEDO;1,872729353;1,944061289;1,699007429
316555;SETUBINHA;1,509749507;1,544609331;1,49776472
316556;SEM-PEIXE;1,160711307;1,06895474;1,188069678
316557;SENADOR AMARAL;2,724878432;3,05910256;2,805762001
316560;SENADOR CORTES;1,634243616;1,748452252;1,806734525
316570;SENADOR FIRMINO;1,61797938;1,354757194;1,286392923
316580;SENADOR JOSE BENTO;1,308633102;1,833866734;2,203747408
316590;SENADOR MODESTINO GONCALVES;1,142991676;1,06980001;1,035300863
316600;SENHORA DE OLIVEIRA;1,330931149;1,134307146;1,062077486
316610;SENHORA DO PORTO;1,788240166;2,146382445;1,067270814
316620;SENHORA DOS REMEDIOS;1,228684226;1,288557876;1,336770117
316630;SERICITA;1,938026372;1,667675961;2,199491742
316640;SERITINGA;2,094143127;1,25136054;1,604716615
316650;SERRA AZUL DE MINAS;1,535312537;1,263114773;1,590806988
316660;SERRA DA SAUDADE;1,030448718;0,318181818;0,854750089
316670;SERRA DOS AIMORES;1,452432837;1,426804258;1,676989121
316680;SERRA DO SALITRE;1,893828337;1,995507055;1,967302446
316690;SERRANIA;1,459625439;1,910125889;1,529739814
316695;SERRANOPOLIS DE MINAS;1,307494527;1,164808693;1,041064285
316700;SERRANOS;1,187340276;1,826804774;1,708715354
316710;SERRO;1,583875706;1,648154132;1,496244067
316720;SETE LAGOAS;1,341630655;1,297859304;1,330917407
316730;SILVEIRANIA;1,211039279;1,814773991;1,905076861
316740;SILVIANOPOLIS;1,538481165;1,051388742;1,095006891
316750;SIMAO PEREIRA;1,3702721;1,143994587;1,499208614
316760;SIMONESIA;2,382851531;2,222221262;1,881523587
316770;SOBRALIA;1,435861889;1,03546193;1,729402939
316780;SOLEDADE DE MINAS;1,264028156;1,301380549;1,319774934
316790;TABULEIRO;1,723576242;1,752805737;1,582258978
316800;TAIOBEIRAS;1,579715944;1,780586841;1,664183389
316805;TAPARUBA;1,998639425;2,181098913;2,452021237
316810;TAPIRA;1,747653045;1,222031006;1,584750284
316820;TAPIRAI;1,064921364;1,150506044;0,741641843
316830;TAQUARACU DE MINAS;1,690529264;1,509533257;1,063082835
316840;TARUMIRIM;1,158389719;1,560439642;1,614475101
316850;TEIXEIRAS;1,303395686;1,38125988;1,252062617
316860;TEOFILO OTONI;1,669942191;1,639063993;1,650378549
316870;TIMOTEO;1,332772085;1,241278633;1,208783639
316880;TIRADENTES;1,401728337;1,453654438;1,403467472
316890;TIROS;2,067437929;2,067341649;2,404753367
316900;TOCANTINS;1,459373889;1,523775911;1,146061743
316905;TOCOS DO MOJI;1,511474274;1,273019505;1,081677737
316910;TOLEDO;2,123994191;2,086326904;1,550259219
316920;TOMBOS;1,575748917;1,355069565;1,675000722
316930;TRES CORACOES;1,584760933;1,601525659;1,475702908
316935;TRES MARIAS;1,466527375;1,467765956;1,385936643
316940;TRES PONTAS;1,559827167;1,639560558;1,637171026
316950;TUMIRITINGA;1,513473402;1,706457833;1,439878123
316960;TUPACIGUARA;1,39748702;1,152663034;1,297184848
316970;TURMALINA;1,43531226;1,428909713;1,375482028
316980;TURVOLANDIA;1,559041224;2,000695402;1,662924502
316990;UBA;1,42652426;1,380918333;1,293113788
317000;UBAI;1,340952599;1,193687442;1,792445623
317005;UBAPORANGA;1,645531929;1,556525097;1,522421426
317010;UBERABA;1,610311326;1,491569796;1,467766533
317020;UBERLANDIA;1,725079441;1,609290921;1,53186639
317030;UMBURATIBA;1,936078906;1,677800367;1,960142353
317040;UNAI;1,795052669;1,766455687;1,788356476
317043;UNIAO DE MINAS;1,397683867;1,062926923;1,075291438
317047;URUANA DE MINAS;0,979650722;1,242934566;1,288837075
317050;URUCANIA;1,723557969;1,909889242;1,8114638
317052;URUCUIA;0,740205556;0,621803129;0,713956728
317057;VARGEM ALEGRE;1,565043636;1,668586817;1,612053181
317060;VARGEM BONITA;1,59225615;1,640183048;1,927893962
317065;VARGEM GRANDE DO RIO PARDO;1,778886522;1,439439442;1,341361291
317070;VARGINHA;1,637288465;1,594599858;1,554993873
317075;VARJAO DE MINAS;1,890427219;1,462415371;1,539396631
317080;VARZEA DA PALMA;1,308615071;1,403545791;1,383857135
317090;VARZELANDIA;1,770461073;1,68127365;1,903314845
317100;VAZANTE;1,588479513;1,534075807;1,504471606
317103;VERDELANDIA;1,366099008;1,600366738;1,44546062
317107;VEREDINHA;1,338185164;1,180367121;1,635070688
317110;VERISSIMO;0,604018279;1,049953315;1,176768032
317115;VERMELHO NOVO;1,581895831;1,566813197;1,419566231
317120;VESPASIANO;1,588833507;1,545072119;1,464390542
317130;VICOSA;1,562973776;1,397908415;1,465509093
317140;VIEIRAS;1,494062208;1,435909777;1,339453068
317150;MATHIAS LOBATO;1,472354686;1,017952392;1,78600628
317160;VIRGEM DA LAPA;1,141348325;1,047960317;1,198948488
317170;VIRGINIA;1,518382991;1,613835222;1,553605331
317180;VIRGINOPOLIS;1,715182966;1,740399915;1,51117193
317190;VIRGOLANDIA;1,109432015;1,315835415;1,435029162
317200;VISCONDE DO RIO BRANCO;1,595579965;1,590969144;1,420513399
317210;VOLTA GRANDE;1,476825709;1,310141674;0,940118365
317220;WENCESLAU BRAZ;1,014534194;1,044309806;1,485041352
;;;;
