Município;Bovino;Bubalino;Equino;Suíno - total;Caprino;Ovino;Galináceos - total;Codornas
Abaeté;103195;100;2582;5385;1120;230;83170;-
Abre Campo;21733;-;551;13875;94;52;17313;-
Acaiaca ;5794;-;400;14000;60;50;7200;-
Açucena ;43459;3;1616;3530;110;73;110633;-
Água Boa ;59023;404;1700;5200;130;270;47100;-
Água Comprida ;14317;-;199;3080;10;224;171000;330
Aguanil ;14319;-;375;680;25;32;12200;-
Águas Formosas ;57555;7;2987;1481;316;866;14146;-
Águas Vermelhas ;16104;-;724;434;435;366;1467;-
Aimorés ;105836;7;2652;2602;763;732;26152;-
Aiuruoca ;23065;110;1841;5282;282;352;28128;-
Alagoa ;6933;-;358;420;40;44;3592;-
Albertina ;2345;-;137;566;-;75;2980;-
Além Paraíba ;30531;-;1010;1010;370;170;5404;-
Alfenas ;41900;280;1250;5600;320;250;142000;11500
Alfredo Vasconcelos ;4917;-;141;1374;37;-;7420;-
Almenara ;92535;143;2407;2888;330;692;33301;-
Alpercata ;20435;-;1900;854;500;900;21600;1370
Alpinópolis ;26700;177;597;1212;-;183;147668;90
Alterosa ;22500;10;690;3320;60;100;96000;-
Alto Caparaó ;1402;-;53;151;5;15;1143;-
Alto Rio Doce ;16902;-;887;3917;104;37;15192;-
Alvarenga ;14861;-;299;433;101;127;6686;-
Alvinópolis ;18656;65;880;7158;140;80;10700;-
Alvorada de Minas ;16000;-;470;1470;80;60;10100;-
Amparo do Serra ;7776;-;415;10832;640;25;16981;665
Andradas ;24225;2;700;7500;220;500;130500;-
Cachoeira de Pajeú ;17090;-;720;657;344;520;3480;-
Andrelândia ;24654;15;1112;3214;64;106;22022;192
Angelândia ;2800;-;185;1060;45;18;19500;-
Antônio Carlos ;16745;9;539;1475;25;173;31285;-
Antônio Dias ;12845;66;352;1680;6;-;16847;-
Antônio Prado de Minas ;5119;-;252;703;145;8;8457;-
Araçaí ;9110;38;221;190;238;153;23949;-
Aracitaba ;5579;-;153;697;16;-;4977;-
Araçuaí ;36167;-;2259;5156;463;478;20714;-
Araguari ;167276;185;3305;72238;72;401;1541489;-
Arantina ;1702;-;217;362;-;-;2422;-
Araponga ;5763;-;573;2304;158;-;21815;-
Araporã ;8145;5;216;311;-;66;1222;-
Arapuá ;19182;-;812;803;25;-;1994;-
Araújos ;24500;160;600;9700;-;25;61000;-
Araxá ;76144;221;2428;1026;126;1595;179681;-
Arceburgo ;13670;20;333;2020;97;-;191935;-
Arcos ;33610;25;2020;2916;35;12;47800;-
Areado ;18680;45;400;2150;60;70;20000;-
Argirita ;8673;10;254;5745;310;-;30690;-
Aricanduva ;7085;-;390;860;45;23;17200;-
Arinos ;137030;149;4500;4000;924;457;22500;-
Astolfo Dutra ;8965;-;227;505;131;330;109237;-
Ataléia ;132263;9;2696;3832;654;2252;26117;171
Augusto de Lima ;37790;4;530;600;-;-;39800;-
Baependi ;33029;65;1298;6776;549;140;37386;-
Baldim ;17727;-;1046;1324;41;478;297121;37
Bambuí ;83164;563;2900;6180;35;45;52500;-
Bandeira ;23368;73;775;3255;355;695;18814;-
Bandeira do Sul ;2637;5;70;515;30;20;3000;-
Barão de Cocais ;3561;-;129;166;59;40;442;-
Barão de Monte Alto ;14955;-;601;850;128;45;7842;-
Barbacena ;26464;28;856;9636;270;302;105160;-
Barra Longa ;16695;-;1500;2200;134;42;19800;-
Barroso ;3461;-;69;260;-;73;1853;-
Bela Vista de Minas ;2001;-;96;645;40;-;2530;-
Belmiro Braga ;18587;29;133;670;150;205;6510;-
Belo Horizonte ;692;-;3335;-;-;55;-;-
Belo Oriente ;8772;45;326;1024;64;12;8831;-
Belo Vale ;15235;-;452;1650;-;-;17500;-
Berilo ;11540;-;1330;3290;182;-;41195;-
Bertópolis ;32276;8;1545;1129;218;312;8774;-
Berizal ;9680;-;396;749;460;231;5722;-
Betim ;12610;-;922;800;215;247;9693;-
Bias Fortes ;11645;10;609;986;2;-;4701;-
Bicas ;8700;15;520;1550;132;43;10060;500
Biquinhas ;23558;-;685;2144;-;-;22255;-
Boa Esperança ;31624;93;1457;4750;32;72;38700;-
Bocaina de Minas ;8650;-;953;1547;70;115;9590;657
Bocaiúva ;91150;-;3780;7810;130;310;84250;-
Bom Despacho ;82857;300;2030;32400;130;130;755700;-
Bom Jardim de Minas ;5061;-;489;1215;52;62;6417;-
Bom Jesus da Penha ;9200;-;310;3325;30;130;136717;-
Bom Jesus do Amparo ;9595;82;397;776;13;76;260940;-
Bom Jesus do Galho ;23432;138;231;293;50;12;15752;-
Bom Repouso ;16200;-;400;1750;-;-;5300;-
Bom Sucesso ;38615;473;692;1021;20;10;12398;-
Bonfim ;11988;-;465;362;190;-;3460;-
Bonfinópolis de Minas ;53649;13;1400;3700;449;148;12100;-
Bonito de Minas ;20650;-;524;1170;233;36;19400;-
Borda da Mata ;25968;1;943;1650;37;79;27700;-
Botelhos ;16611;60;600;6420;90;281;19000;-
Botumirim ;8950;-;2230;2685;190;95;45900;-
Brasilândia de Minas ;78586;-;678;1730;77;13;16250;-
Brasília de Minas ;47662;84;2721;5120;330;668;58534;-
Brás Pires ;4511;-;206;1535;68;-;27935;-
Braúnas ;14420;40;729;2286;-;-;27374;169
Brazópolis ;25378;15;730;1510;100;100;18000;-
Brumadinho ;15577;35;720;36659;420;410;481110;-
Bueno Brandão ;19025;-;409;2420;400;110;22610;-
Buenópolis ;37090;-;510;1280;-;20;27000;-
Bugre ;7438;-;160;1135;147;-;3668;-
Buritis ;112463;37;4000;6310;100;500;22000;-
Buritizeiro ;115082;40;2561;15442;1430;159;32673;-
Cabeceira Grande ;45083;76;1000;1090;-;128;8650;-
Cabo Verde ;21136;15;441;4346;49;176;148287;-
Cachoeira da Prata ;2531;174;46;382;22;70;2689;-
Cachoeira de Minas ;20639;32;830;6070;100;420;22000;-
Cachoeira Dourada ;10100;2;196;115;100;160;1800;-
Caetanópolis ;5278;-;347;652;-;128;3483;33
Caeté ;6389;103;479;841;39;480;5109;-
Caiana ;3231;-;145;473;44;14;3300;-
Cajuri ;2385;-;175;1296;83;92;179571;-
Caldas ;46651;45;1300;4750;480;116;34300;-
Camacho ;7229;2;400;805;-;-;12000;-
Camanducaia ;18100;-;700;2000;50;300;14200;-
Cambuí ;18000;-;370;850;10;160;11900;-
Cambuquira ;11987;-;403;1760;6;608;50000;-
Campanário ;23984;18;1551;509;-;515;6411;73
Campanha ;11444;8;248;1520;17;23;21000;-
Campestre ;27747;70;1000;5700;60;60;50000;2400
Campina Verde ;316000;370;5400;6650;90;1680;143300;-
Campo Azul ;17176;-;1120;2634;340;825;16052;-
Campo Belo ;44810;61;920;910;22;25;40100;-
Campo do Meio ;6000;-;210;900;-;-;11500;-
Campo Florido ;67010;196;1462;2073;85;741;139300;-
Campos Altos ;23705;713;543;103;-;205;7586;-
Campos Gerais ;27850;39;1160;4980;120;240;54000;-
Canaã ;5385;15;176;2935;71;396;885872;-
Canápolis ;53556;16;899;11342;128;17;64083;-
Cana Verde ;16449;202;410;780;15;70;17500;-
Candeias ;39124;8;1400;1480;25;73;35000;-
Cantagalo ;7916;26;330;617;37;32;12043;-
Caparaó ;1901;-;72;161;29;10;1301;-
Capela Nova ;3402;-;136;1000;-;-;8200;-
Capelinha ;18218;-;665;2013;130;55;32290;-
Capetinga ;15420;185;355;804;14;16;92063;-
Capim Branco ;7700;-;390;560;10;540;1700;-
Capinópolis ;40000;14;894;9400;100;800;8500;-
Capitão Andrade ;23880;-;600;1700;600;500;12100;390
Capitão Enéas ;74350;-;2320;1650;210;160;16130;-
Capitólio ;21056;33;790;6070;72;161;66033;-
Caputira ;4100;-;450;1640;250;-;14400;200
Caraí ;21513;5;629;2735;-;595;27220;122
Caranaíba ;4898;10;120;370;-;-;2200;-
Carandaí ;12685;8;461;1113;241;144;4791;-
Carangola ;16150;25;186;800;115;5;9910;45
Caratinga ;31405;34;710;1251;72;385;103832;-
Carbonita ;5838;-;680;1120;22;60;22330;-
Careaçu ;14669;11;327;1110;37;675;12110;-
Carlos Chagas ;297064;64;7168;4430;516;6518;24424;-
Carmésia ;5415;169;369;414;-;12;3618;-
Carmo da Cachoeira ;14952;5;893;980;30;37;6500;-
Carmo da Mata ;29000;200;1400;6500;16;130;38000;-
Carmo de Minas ;21583;-;986;1370;50;117;15510;-
Carmo do Cajuru ;31500;220;600;4430;160;120;670000;-
Carmo do Paranaíba ;106452;55;2488;26000;47;169;67900;-
Carmo do Rio Claro ;38700;60;1400;9615;100;180;118000;-
Carmópolis de Minas ;27487;60;1280;3200;250;140;35000;-
Carneirinho ;224560;303;3326;3930;109;2002;28690;-
Carrancas ;20469;-;232;1643;-;48;7826;-
Carvalhópolis ;4150;-;480;960;-;-;32000;-
Carvalhos ;10280;-;795;3165;164;272;9729;-
Casa Grande ;5602;-;76;475;-;-;2150;-
Cascalho Rico ;28919;-;316;244;26;30;318500;-
Cássia ;58200;202;971;1462;78;335;333440;-
Conceição da Barra de Minas ;9584;-;525;850;-;-;10751;-
Cataguases ;29523;2;1014;10563;148;31;152120;-
Catas Altas ;1642;-;119;65;-;8;2377;-
Catas Altas da Noruega ;1604;-;52;615;-;-;3100;-
Catuji ;7965;-;339;1631;-;140;13301;-
Catuti ;10980;-;780;1200;100;120;14450;-
Caxambu ;5590;15;440;1051;30;105;6665;-
Cedro do Abaeté ;8943;-;283;289;-;15;3335;-
Central de Minas ;17663;-;2155;549;138;192;5770;-
Centralina ;19791;2;2012;423;-;433;41441;-
Chácara ;8723;-;480;-;120;385;2400;-
Chalé ;10900;-;650;-;20;350;13000;-
Chapada do Norte ;5416;-;980;3200;65;33;36550;-
Chapada Gaúcha ;22164;-;862;2957;150;1162;18575;-
Chiador ;11448;32;660;1283;102;44;6510;-
Cipotânea ;3300;-;234;1238;-;-;5674;-
Claraval ;10830;-;478;793;-;-;20777;-
Claro dos Poções ;41664;-;2300;7400;950;80;90600;-
Cláudio ;35600;125;1000;18600;70;200;60000;-
Coimbra ;5765;-;399;17738;136;176;722598;-
Coluna ;16479;8;524;2427;123;120;29073;-
Comendador Gomes ;69754;90;418;1550;28;218;46800;-
Comercinho ;21300;-;894;645;-;245;3470;-
Conceição da Aparecida ;17100;25;600;1620;40;90;94000;-
Conceição das Pedras ;5791;-;250;2300;-;-;10000;-
Conceição das Alagoas ;39877;13;720;1156;25;341;196500;-
Conceição de Ipanema ;11234;18;352;723;46;-;10951;-
Conceição do Mato Dentro ;32845;490;2000;1880;100;200;24400;-
Conceição do Pará ;12300;-;320;8950;-;420;705000;-
Conceição do Rio Verde ;22855;5;625;760;35;132;5840;180
Conceição dos Ouros ;11776;15;350;2380;-;30;17000;-
Cônego Marinho ;12215;-;198;995;-;102;15400;-
Confins ;920;-;500;-;-;-;-;-
Congonhal ;15679;12;597;1620;26;70;19630;-
Congonhas ;2744;-;188;1400;-;-;300;-
Congonhas do Norte ;5130;-;500;550;15;15;9550;-
Conquista ;25830;-;475;1049;39;497;76910;-
Conselheiro Lafaiete ;12821;-;915;1700;20;13;5250;-
Conselheiro Pena ;76578;65;2908;3084;441;717;19463;-
Consolação ;7600;-;170;260;20;-;3200;-
Contagem ;1750;-;500;-;41;58;-;-
Coqueiral ;15351;-;700;780;10;45;6900;-
Coração de Jesus ;75970;-;5510;5840;310;750;66250;-
Cordisburgo ;34695;391;2708;1731;58;210;92011;-
Cordislândia ;11328;-;304;160;-;98;4800;-
Corinto ;75335;-;1250;460;30;130;60000;-
Coroaci ;18994;-;800;1350;30;180;35000;100
Coromandel ;126737;102;2800;38865;25;520;58130;-
Coronel Fabriciano ;1229;-;138;334;50;-;4237;-
Coronel Murta ;15319;-;1001;1153;142;156;7066;-
Coronel Pacheco ;9206;-;236;1520;258;57;13660;-
Coronel Xavier Chaves ;4303;-;154;1171;-;-;7492;-
Córrego Danta ;30173;740;944;3690;-;100;26800;-
Córrego do Bom Jesus ;8300;-;250;1140;40;-;7700;-
Córrego Fundo ;5219;-;440;2060;-;-;24000;-
Córrego Novo ;8602;27;223;775;-;40;7396;-
Couto de Magalhães de Minas ;2484;-;102;124;-;-;6000;-
Crisólita ;70604;226;1926;2708;208;1038;16990;-
Cristais ;35712;13;950;1330;32;53;27090;-
Cristália ;5380;10;450;1280;10;-;24270;-
Cristiano Otoni ;7350;-;58;290;-;-;46850;-
Cristina ;20495;40;847;1327;150;698;13113;-
Crucilândia ;8919;4;540;1760;-;35;14500;-
Cruzeiro da Fortaleza ;21765;13;297;1282;5;-;9690;-
Cruzília ;23172;-;1230;3709;-;-;12593;-
Cuparaque ;15531;-;521;385;133;191;3797;-
Curral de Dentro ;12110;-;421;625;49;759;4169;-
Curvelo ;116500;80;1900;2800;160;2300;44000;-
Datas ;2412;10;204;260;-;14;7000;-
Delfim Moreira ;13607;15;900;2200;43;95;27000;-
Delfinópolis ;40550;110;1377;2550;-;448;39744;-
Delta ;6003;-;138;400;15;25;137000;68830
Descoberto ;11256;-;380;238;82;26;31686;280
Desterro de Entre Rios ;10717;-;30;1600;-;-;19000;-
Desterro do Melo ;8034;-;137;669;-;10;3456;-
Diamantina ;17073;-;1242;1729;5;5;20000;-
Diogo de Vasconcelos ;5136;-;500;2612;50;-;7000;-
Dionísio ;13435;70;415;930;60;45;6800;-
Divinésia ;3720;2;520;887;30;35;127610;-
Divino ;14460;-;215;462;30;80;5824;-
Divino das Laranjeiras ;21212;-;463;451;247;560;3720;-
Divinolândia de Minas ;5007;124;26;613;6;6;7152;-
Divinópolis ;42500;230;1250;2200;140;350;1212000;35000
Divisa Alegre ;892;-;470;231;-;-;3500;-
Divisa Nova ;16500;100;320;1320;40;25;20000;-
Divisópolis ;10895;-;782;1239;210;305;11829;-
Dom Bosco ;49851;40;1200;1130;15;105;3900;-
Dom Cavati ;4034;-;76;734;145;37;4980;-
Dom Joaquim ;13000;79;500;1535;16;240;11500;-
Dom Silvério ;11023;48;240;1045;40;60;4900;-
Dom Viçoso ;6079;-;243;500;80;85;7990;-
Dona Eusébia ;3971;-;132;413;41;-;81471;-
Dores de Campos ;2642;-;45;414;-;-;2259;-
Dores de Guanhães ;15285;65;587;516;29;38;9586;-
Dores do Indaiá ;75944;225;1595;2164;-;120;40905;-
Dores do Turvo ;9200;-;360;1300;135;30;26500;-
Doresópolis ;9188;882;328;935;18;60;26058;-
Douradoquara ;20970;-;495;2160;20;-;9600;-
Durandé ;5200;-;260;1250;180;80;12000;-
Elói Mendes ;32311;335;1108;1920;15;479;81444;-
Engenheiro Caldas ;19019;10;650;1190;400;410;45850;620
Engenheiro Navarro ;32750;-;950;1810;300;250;20350;-
Entre Folhas ;3720;-;57;358;35;50;2849;-
Entre Rios de Minas ;18769;155;458;2055;-;150;28800;-
Ervália ;9955;80;1306;3943;215;15;360700;1694
Esmeraldas ;48133;900;3320;5858;275;3855;296800;-
Espera Feliz ;5955;-;230;504;17;12;4500;-
Espinosa ;41500;-;2650;7850;1200;850;59500;-
Espírito Santo do Dourado ;16668;-;506;1362;20;-;22630;-
Estiva ;20500;10;250;2440;-;35;16300;-
Estrela Dalva ;10245;-;300;294;85;50;2120;-
Estrela do Indaiá ;50578;30;1278;1331;-;45;14658;-
Estrela do Sul ;50133;2;956;1731;55;64;107102;-
Eugenópolis ;18187;-;483;3504;68;103;9221;-
Ewbank da Câmara ;4736;54;76;463;-;-;5212;-
Extrema ;14300;18;370;1200;50;210;13300;-
Fama ;5150;-;112;460;15;160;8000;-
Faria Lemos ;9090;-;120;3440;25;60;4310;-
Felício dos Santos ;4464;-;544;1313;-;-;19000;-
São Gonçalo do Rio Preto ;3718;-;134;450;-;-;1000;-
Felisburgo ;27092;-;1182;1393;32;294;8452;-
Felixlândia ;53880;-;1150;710;80;110;26500;-
Fernandes Tourinho ;15196;-;300;660;70;175;21000;-
Ferros ;30740;148;2420;2868;8;334;17160;-
Fervedouro ;11930;-;290;780;25;420;6215;-
Florestal ;11891;105;762;13134;374;926;1225989;239
Formiga ;73070;335;4320;47980;235;55;317480;-
Formoso ;30779;-;1300;1750;-;200;10950;-
Fortaleza de Minas ;13420;10;402;165;-;495;63854;-
Fortuna de Minas ;9468;2398;370;1104;150;408;9198;55
Francisco Badaró ;13444;-;1159;2387;196;71;15143;-
Francisco Dumont ;27950;-;950;2140;100;150;19900;-
Francisco Sá ;156650;-;5900;9650;700;1050;60750;-
Franciscópolis ;44792;5;1069;3565;43;252;13084;-
Frei Gaspar ;37472;297;3729;1705;54;894;17324;-
Frei Inocêncio ;41506;2;100;1750;300;620;19600;230
Frei Lagonegro ;6699;-;383;1043;23;43;9290;-
Fronteira ;8183;-;144;187;15;366;3474;-
Fronteira dos Vales ;19213;88;832;1358;118;365;10302;-
Fruta de Leite ;7324;-;420;1562;14;14;18435;-
Frutal ;145825;1100;2355;18029;132;3485;58414;-
Funilândia ;12149;38;352;559;30;492;249899;37
Galiléia ;43076;-;1200;1770;520;250;9250;150
Gameleiras ;28800;-;4950;1840;600;370;16100;-
Glaucilândia ;10750;30;480;1535;30;120;14070;-
Goiabeira ;9461;-;248;443;95;117;2884;-
Goianá ;8130;-;206;757;32;37;14393;-
Gonçalves ;10400;-;250;470;150;15;3500;-
Gonzaga ;5875;50;500;1200;50;60;16200;-
Gouveia ;8676;-;303;224;-;-;8000;-
Governador Valadares ;172078;1500;8000;13350;2500;7500;433000;1280
Grão Mogol ;21400;-;2800;7260;100;160;62400;290
Grupiara ;11970;10;310;545;-;-;4550;-
Guanhães ;42644;479;823;2257;64;48;25320;-
Guapé ;33540;164;1199;1804;65;107;47665;-
Guaraciaba ;9344;-;373;3997;336;108;20286;185
Guaraciama ;8700;-;500;3050;-;50;34900;-
Guaranésia ;13746;35;697;3298;160;330;39390;-
Guarani ;15729;30;300;1386;61;79;54463;-
Guarará ;5792;-;284;1828;96;54;6320;-
Guarda-Mor ;107068;15;630;4705;253;295;50070;-
Guaxupé ;8490;2;310;3690;50;940;113181;-
Guidoval ;9386;-;460;1010;36;17;106550;-
Guimarânia ;25660;-;290;6200;-;30;13900;-
Guiricema ;18309;60;960;2310;135;50;1258400;-
Gurinhatã ;165200;51;3500;4360;60;2250;30000;-
Heliodora ;9345;18;265;748;-;20;10700;-
Iapu ;16974;-;359;1221;341;68;16022;-
Ibertioga ;17246;14;1058;2094;128;117;16190;-
Ibiá ;111155;120;2575;3504;162;2016;89210;-
Ibiaí ;37293;23;780;1533;92;1170;21510;-
Ibiracatu ;7848;-;941;2827;81;56;25139;-
Ibiraci ;20815;285;499;1974;-;318;31022;-
Ibirité ;1200;110;50;560;5;30;150;-
Ibitiúra de Minas ;3259;-;165;658;-;40;6300;-
Ibituruna ;11900;-;130;797;-;-;6054;-
Icaraí de Minas ;38795;16;1490;2118;145;112;22630;-
Igarapé ;4865;-;109;1041;-;-;93903;-
Igaratinga ;16690;116;541;15200;58;203;2289868;-
Iguatama ;36833;75;1820;4195;-;30;42500;-
Ijaci ;6356;-;190;1495;80;850;16050;-
Ilicínea ;14562;12;650;4450;-;40;29600;-
Imbé de Minas ;4845;-;82;838;68;-;9137;-
Inconfidentes ;10766;-;561;1890;30;370;14380;-
Indaiabira ;5669;-;448;1867;101;33;29650;-
Indianópolis ;18346;-;236;2494;-;-;1010450;-
Ingaí ;14590;-;162;493;-;48;3685;-
Inhapim ;35966;35;1315;3102;374;82;42526;-
Inhaúma ;21592;494;720;2804;86;155;10404;-
Inimutaba ;19700;-;450;410;10;430;8000;-
Ipaba ;2440;2;96;705;-;-;2663;-
Ipanema ;27784;-;770;1660;-;-;16608;-
Ipatinga ;2312;-;64;491;-;137;4411;-
Ipiaçu ;28100;-;505;188;60;350;7500;-
Ipuiúna ;16578;-;490;960;35;70;52300;-
Iraí de Minas ;21198;4;410;1181;-;20;43302;-
Itabira ;29909;48;3053;1849;12;18;77095;-
Itabirinha ;14638;-;1074;1674;128;145;11438;-
Itabirito ;6050;16;2016;2300;81;222;10080;500
Itacambira ;10300;-;1900;2700;100;10;40800;-
Itacarambi ;38848;10;2135;4846;524;408;37342;-
Itaguara ;25298;60;760;3120;80;500;31160;-
Itaipé ;9122;-;302;1541;-;186;22877;-
Itajubá ;18880;-;760;2750;160;250;45150;840
Itamarandiba ;38517;13;1950;2610;38;53;45100;-
Itamarati de Minas ;5869;2;194;380;56;-;38279;-
Itambacuri ;94923;816;5028;5541;381;2242;32197;328
Itambé do Mato Dentro ;8053;-;499;286;6;-;5421;-
Itamogi ;10106;4;448;408;93;387;183516;-
Itamonte ;14399;-;940;1948;-;486;684;-
Itanhandu ;12636;-;732;1320;50;120;4988920;76342
Itanhomi ;37782;-;1600;5500;1200;330;36400;-
Itaobim ;20313;-;1182;1932;216;491;12535;-
Itapagipe ;157834;36;2147;9074;136;587;37860;-
Itapecerica ;36716;60;3180;13050;40;240;568000;-
Itapeva ;11300;-;230;670;50;125;3100;-
Itatiaiuçu ;7636;40;430;1750;170;80;45650;-
Itaú de Minas ;8939;15;82;3958;-;-;104690;-
Itaúna ;31764;120;800;10600;100;150;790000;11500
Itaverava ;6194;-;152;1500;-;-;12250;-
Itinga ;31707;-;1944;2937;476;453;11245;-
Itueta ;26617;-;507;1896;176;294;18555;-
Ituiutaba ;203800;180;4650;116230;190;2400;133000;-
Itumirim ;10780;30;250;813;-;130;6350;-
Iturama ;105337;63;1751;2735;38;369;31940;-
Itutinga ;16852;9;360;1225;-;-;10810;-
Jaboticatubas ;16481;19;1525;1824;95;425;97852;-
Jacinto ;67275;-;1917;4841;270;958;25204;-
Jacuí ;19940;8;1071;3448;-;44;50311;-
Jacutinga ;17338;-;525;3010;263;346;91280;-
Jaguaraçu ;5526;-;203;676;5;6;5144;-
Jaíba ;90076;-;2450;7080;680;1650;55300;-
Jampruca ;31316;-;1100;1000;47;320;8615;-
Janaúba ;139200;45;3150;5410;1150;3800;47750;-
Januária ;94821;10;1070;7950;915;891;90000;-
Japaraíba ;8411;-;350;1720;50;-;17300;-
Japonvar ;11860;-;799;2002;40;33;16034;-
Jeceaba ;5514;-;9;660;-;40;7200;-
Jenipapo de Minas ;8127;-;532;1478;139;88;9557;-
Jequeri ;26007;-;800;109291;445;74;33295;-
Jequitaí ;50562;-;1237;2540;124;1038;19238;-
Jequitibá ;16566;57;1003;3133;113;561;1482299;82
Jequitinhonha ;72070;78;3368;2514;249;477;13734;246
Jesuânia ;11572;4;227;585;28;65;11925;-
Joaíma ;68548;-;2870;1575;319;700;10996;-
Joanésia ;6546;5;289;1329;-;-;13412;-
João Monlevade ;2792;-;105;100;30;20;1080;-
João Pinheiro ;261138;160;2045;9300;52;1076;70900;-
Joaquim Felício ;19900;-;420;580;60;60;13600;-
Jordânia ;43765;98;1362;4377;-;730;21433;-
José Gonçalves de Minas ;1870;-;170;350;5;3;4580;-
José Raydan ;13009;280;497;1980;33;42;14426;-
Josenópolis ;3750;-;430;965;-;-;11650;-
Nova União ;4706;23;339;715;10;65;4910;-
Juatuba ;3563;-;200;495;-;-;106104;-
Juiz de Fora ;48681;20;720;62178;200;120;313500;2400
Juramento ;24950;-;750;4030;10;80;13700;-
Juruaia ;9731;5;342;2112;-;23;653777;-
Juvenília ;34994;-;766;1242;338;368;5518;-
Ladainha ;20390;25;716;3413;86;556;31465;-
Lagamar ;74510;24;1493;7700;-;27;45000;-
Lagoa da Prata ;25048;5;785;490;-;-;81000;-
Lagoa dos Patos ;25210;-;850;1900;380;-;17500;-
Lagoa Dourada ;17165;-;999;10186;-;-;31395;215
Lagoa Formosa ;74663;-;881;13966;-;-;65000;-
Lagoa Grande ;72707;12;1156;4470;-;199;26400;-
Lagoa Santa ;6500;-;630;330;-;200;600;5000
Lajinha ;9600;-;650;2700;350;-;19500;300
Lambari ;8699;12;621;985;19;10;24850;-
Lamim ;1894;-;65;245;-;-;1630;-
Laranjal ;14950;-;410;3840;350;-;22400;-
Lassance ;40160;-;1600;15150;520;150;29000;-
Lavras ;28985;-;580;13550;45;265;861632;359733
Leandro Ferreira ;20279;-;1722;1215;-;-;56500;-
Leme do Prado ;2833;-;135;495;30;14;10985;-
Leopoldina ;65210;-;6120;31680;1720;310;176900;210
Liberdade ;9989;-;973;1411;124;186;10691;667
Lima Duarte ;25405;70;700;4439;150;80;150000;1000
Limeira do Oeste ;113162;189;2008;3590;104;533;22088;-
Lontra ;10321;-;612;1344;103;39;11648;-
Luisburgo ;1700;-;280;1650;200;70;10000;-
Luislândia ;16556;-;1189;1548;41;222;22702;-
Luminárias ;13538;5;280;415;18;55;7720;-
Luz ;95827;1403;1879;6050;45;110;53200;-
Machacalis ;39795;142;1218;2188;262;1266;12922;-
Machado ;23200;30;450;16500;60;180;260000;-
Madre de Deus de Minas ;13998;-;1189;2755;-;25;7481;-
Malacacheta ;41326;5;1560;6110;65;656;48120;289
Mamonas ;8795;-;920;3780;95;100;27300;-
Manga ;63535;15;2590;2190;208;2163;13920;-
Manhuaçu ;8350;-;390;1890;270;80;46000;450
Manhumirim ;2800;-;180;1120;190;-;10000;250
Mantena ;44487;-;3650;5980;235;463;9320;-
Maravilhas ;13624;131;628;4785;49;136;374411;-
Mar de Espanha ;14681;10;570;1432;230;70;11765;220
Maria da Fé ;11135;-;650;2000;150;400;16600;-
Mariana ;14374;30;1405;5848;29;224;21620;500
Marilac ;16734;50;770;2920;350;240;15500;180
Mário Campos ;460;-;150;1050;-;30;45998;1200
Maripá de Minas ;4301;60;440;2017;86;42;6490;-
Marliéria ;10275;-;249;302;78;122;4747;-
Marmelópolis ;4805;-;250;1350;420;110;13900;120
Martinho Campos ;57548;18;1207;3259;-;-;768836;-
Martins Soares ;1600;-;150;570;120;20;7500;-
Mata Verde ;9435;-;378;1340;-;-;11426;-
Materlândia ;11865;-;200;2930;15;-;20100;-
Mateus Leme ;11690;80;500;1500;250;280;116000;-
Matias Barbosa ;8620;3;215;850;50;-;54100;-
Matias Cardoso ;70881;-;1280;3200;660;720;29100;-
Matipó ;9800;-;420;7150;200;40;14500;300
Mato Verde ;17385;-;950;2685;205;385;23350;-
Matozinhos ;16400;70;900;690;-;610;6000;-
Matutina ;21961;28;332;3132;22;10;6561;-
Medeiros ;36190;-;780;2660;-;-;12400;-
Medina ;37493;-;1480;1880;690;584;3493;-
Mendes Pimentel ;24858;-;2472;1120;105;137;11950;-
Mercês ;13982;-;519;3306;110;29;25031;-
Mesquita ;9430;35;434;1302;58;65;7266;-
Minas Novas ;11350;-;825;6008;170;33;77217;-
Minduri ;7942;15;409;6217;-;54;4095;-
Mirabela ;22230;34;1255;2400;46;95;28110;-
Miradouro ;17540;2;501;4328;162;118;21374;-
Miraí ;22396;-;825;1579;422;55;150362;401
Miravânia ;12284;75;520;630;30;298;4390;-
Moeda ;4860;-;78;165;93;17;3470;-
Moema ;19081;-;510;2930;-;-;113500;-
Monjolos ;18890;-;600;240;20;50;7700;-
Monsenhor Paulo ;14105;9;473;780;10;3;9200;-
Montalvânia ;48640;-;1976;2969;244;334;13497;-
Monte Alegre de Minas ;162143;5;2840;83880;28;1161;1862287;-
Monte Azul ;30266;-;1990;6980;850;380;60700;-
Monte Belo ;19800;32;800;5280;35;200;57000;-
Monte Carmelo ;55833;-;956;16063;50;60;344060;-
Monte Formoso ;10448;3;471;571;53;185;5702;-
Monte Santo de Minas ;29698;27;1170;10946;283;383;522930;-
Montes Claros ;170200;55;6200;16250;550;600;2385000;-
Monte Sião ;18009;15;270;3080;8;95;53110;-
Montezuma ;8960;-;468;1644;50;52;23009;-
Morada Nova de Minas ;54450;130;1275;26058;-;-;16971;-
Morro da Garça ;28740;-;550;260;35;70;7600;-
Morro do Pilar ;7580;180;300;800;5;15;9480;-
Munhoz ;6300;-;250;880;-;265;6300;-
Muriaé ;57409;380;2364;12065;464;159;25149;-
Mutum ;65963;15;2966;8678;873;1171;44010;-
Muzambinho ;19330;20;720;4850;115;220;75370;-
Nacip Raydan ;9065;70;680;1965;865;320;22552;-
Nanuque ;147184;30;2940;2094;272;1187;11942;-
Naque ;7110;20;280;505;150;250;27500;55
Natalândia ;42870;-;680;1030;40;10;7400;-
Natércia ;12749;-;219;2545;19;19;18620;-
Nazareno ;18673;-;617;2484;25;320;9408;-
Nepomuceno ;22925;-;729;640;70;305;1170250;-
Ninheira ;11540;-;485;1575;208;183;22136;-
Nova Belém ;4227;-;140;838;60;78;4010;-
Nova Era ;10399;200;300;690;60;40;4280;-
Nova Lima ;809;-;369;-;-;75;-;-
Nova Módica ;30968;-;690;685;20;90;6900;-
Nova Ponte ;33179;-;670;1828;170;58;1109988;-
Nova Porteirinha ;4950;-;355;4640;660;1100;29950;-
Nova Resende ;11665;54;702;4555;36;63;57086;-
Nova Serrana ;17371;-;450;1160;-;20;1122000;-
Novo Cruzeiro ;21888;-;1720;11950;-;580;81519;-
Novo Oriente de Minas ;15085;-;800;4570;45;370;22550;-
Novorizonte ;3157;-;215;682;20;10;10464;-
Olaria ;7439;65;400;387;40;24;14280;120
Olhos-d'Água ;12150;-;900;1080;-;50;20150;-
Olímpio Noronha ;2851;-;139;893;38;72;7400;-
Oliveira ;38800;1500;2100;37500;75;750;38000;-
Oliveira Fortes ;4663;-;220;534;19;-;11873;-
Onça de Pitangui ;12122;-;719;11103;221;180;446463;-
Oratórios ;3830;-;452;31237;218;-;6197;736
Orizânia ;2255;-;120;442;16;20;1880;-
Ouro Branco ;2834;-;104;405;27;25;6050;-
Ouro Fino ;31093;16;1160;4413;560;518;126150;-
Ouro Preto ;9405;18;2955;5074;15;550;11820;500
Ouro Verde de Minas ;17938;-;1156;1860;68;410;22830;-
Padre Carvalho ;2600;-;250;1010;-;-;9900;-
Padre Paraíso ;9154;-;530;1085;146;146;11661;-
Paineiras ;38600;100;1103;1915;-;2;20145;-
Pains ;32999;70;1400;3015;90;115;52600;-
Pai Pedro ;23150;-;1280;2880;255;820;27100;-
Paiva ;3190;-;82;207;32;-;11428;-
Palma ;21050;10;730;3630;515;85;25350;-
Palmópolis ;24890;38;945;2313;5;320;12655;-
Papagaios ;34783;207;986;17043;149;118;91622;-
Paracatu ;304509;211;6994;10983;1108;399;89977;-
Pará de Minas ;43955;411;1418;118026;129;234;12502885;1512
Paraguaçu ;20953;19;1174;2270;5;135;19100;-
Paraisópolis ;26594;8;750;2900;120;320;19000;-
Paraopeba ;30643;155;813;7266;153;3568;118040;73
Passabém ;5089;-;183;78;-;-;2412;-
Passa Quatro ;17136;-;890;2815;195;53;2100058;44280
Passa Tempo ;21435;700;1400;2100;140;100;30000;-
Passa Vinte ;9130;-;336;741;56;-;4625;-
Passos ;129200;350;1888;33661;85;813;252415;-
Patis ;23258;-;858;1417;70;29;10968;-
Patos de Minas ;210918;107;5168;183600;359;913;328500;-
Patrocínio ;132586;78;4830;98400;200;1020;196170;-
Patrocínio do Muriaé ;8713;-;281;711;74;58;7885;-
Paula Cândido ;8143;-;596;2173;120;215;598322;-
Paulistas ;9978;-;315;899;23;18;11086;-
Pavão ;46750;378;1840;3178;18;610;27670;-
Peçanha ;34171;330;1372;3151;77;49;34200;-
Pedra Azul ;48093;-;1700;1095;105;725;6270;-
Pedra Bonita ;2408;-;278;1578;53;-;7608;-
Pedra do Anta ;7944;-;275;3176;40;76;93944;-
Pedra do Indaiá ;16000;12;600;1200;-;16;306000;-
Pedra Dourada ;2620;15;75;139;195;15;1225;-
Pedralva ;14944;10;600;500;100;10;135000;500
Pedras de Maria da Cruz ;48910;-;834;5650;269;1189;24750;-
Pedrinópolis ;14023;11;520;7273;-;50;398920;-
Pedro Leopoldo ;14000;96;1200;210;50;190;485000;-
Pedro Teixeira ;4436;-;543;720;30;15;10525;-
Pequeri ;3031;-;1360;710;42;540;6640;250
Pequi ;15785;41;1054;6926;42;79;376587;-
Perdigão ;11500;120;450;5520;40;28;182000;-
Perdizes ;117256;132;1809;16830;159;415;425050;-
Perdões ;20224;-;764;616;2;20;7430;400000
Periquito ;10020;-;1227;1393;65;-;18067;300
Pescador ;23519;-;665;485;20;70;5110;-
Piau ;8223;-;287;716;208;48;6928;-
Piedade de Caratinga ;1793;-;35;517;65;-;15030;-
Piedade de Ponte Nova ;5353;-;98;29384;94;-;45888;-
Piedade do Rio Grande ;9605;-;337;1609;-;510;8905;-
Piedade dos Gerais ;10136;30;595;1140;-;-;14645;-
Pimenta ;22255;618;603;1642;18;108;18666;-
Pingo d'Água ;1124;-;15;225;-;86;575;-
Pintópolis ;34461;-;1588;1630;142;109;26516;-
Piracema ;19981;60;588;5300;220;-;26000;-
Pirajuba ;8495;-;120;4255;125;250;16804;-
Piranga ;10384;20;932;12978;47;20;54093;-
Piranguçu ;11019;18;800;1170;100;150;18000;-
Piranguinho ;11618;-;500;1970;210;50;35000;-
Pirapetinga ;13017;-;530;562;130;120;6003;-
Pirapora ;18548;16;483;140;14;175;6246;-
Piraúba ;7198;-;286;1500;130;36;378000;-
Pitangui ;32259;20;1607;8578;206;229;3333701;-
Piumhi ;53974;675;1390;3441;35;142;110617;-
Planura ;4703;-;59;660;-;64;6493;-
Poço Fundo ;27450;-;600;3380;30;30;80000;-
Poços de Caldas ;13916;35;800;2100;130;100;13000;-
Pocrane ;40986;16;1112;2547;299;317;18083;-
Pompéu ;104269;15;2058;2844;-;-;58084;-
Ponte Nova ;21609;-;422;101347;570;189;32254;1816
Ponto Chique ;30616;-;1271;1525;170;530;11596;-
Ponto dos Volantes ;18227;-;1058;962;626;156;8266;-
Porteirinha ;64727;10;3120;10600;600;930;100000;-
Porto Firme ;7106;4;563;3705;303;75;253987;-
Poté ;32909;-;879;3140;-;420;29190;-
Pouso Alegre ;39543;17;527;3750;15;463;94870;-
Pouso Alto ;21323;-;935;2896;123;199;349652;25400
Prados ;8755;-;406;3362;-;5;7205;134
Prata ;367300;620;5700;43400;350;1630;910000;-
Pratápolis ;20901;15;473;734;5;54;285146;-
Pratinha ;25219;50;248;1025;13;9;27120;-
Presidente Bernardes ;4066;-;618;3119;120;30;26460;-
Presidente Juscelino ;28690;-;500;700;60;150;10000;-
Presidente Kubitschek ;1190;-;150;145;-;-;2200;-
Presidente Olegário ;125154;183;3003;39500;30;183;70000;-
Alto Jequitibá ;1500;-;80;140;50;-;4500;-
Prudente de Morais ;8424;-;329;412;114;70;4270;155
Quartel Geral ;25781;40;636;907;-;-;10835;-
Queluzito ;5475;-;203;770;20;-;7330;-
Raposos ;173;-;18;-;-;5;-;-
Raul Soares ;45254;-;989;10918;152;176;30136;-
Recreio ;14120;-;750;3750;405;-;17250;-
Reduto ;3150;-;150;1260;170;70;9600;-
Resende Costa ;16742;31;1064;3308;-;20;27206;138
Resplendor ;83082;6;1701;1280;254;715;16444;-
Ressaquinha ;6981;-;148;1214;92;69;128540;-
Riachinho ;64457;56;1600;2800;40;300;12400;-
Riacho dos Machados ;17050;-;1800;2970;500;690;33000;-
Ribeirão das Neves ;2425;20;428;3336;32;110;2795;-
Ribeirão Vermelho ;2670;-;91;212;-;-;2120;-
Rio Acima ;855;-;150;40;-;240;700;-
Rio Casca ;32269;1;787;33223;38;208;57000;-
Rio Doce ;6701;-;151;2710;63;29;6018;-
Rio do Prado ;26865;-;1329;3050;30;272;16237;-
Rio Espera ;5010;-;102;1530;-;-;20300;-
Rio Manso ;7135;5;315;1100;-;-;11100;-
Rio Novo ;14859;10;381;1197;112;90;8695;-
Rio Paranaíba ;71486;-;1551;22130;120;395;53370;-
Rio Pardo de Minas ;10210;-;964;3053;123;198;87672;-
Rio Piracicaba ;14718;46;340;2390;90;60;4400;-
Rio Pomba ;15684;20;672;3450;128;630;792690;2600
Rio Preto ;14105;-;426;210;85;20;11400;62
Rio Vermelho ;30000;105;800;5650;40;35;38800;-
Ritápolis ;8916;15;644;1190;-;50;10655;-
Rochedo de Minas ;4528;-;260;337;34;32;3530;-
Rodeiro ;5702;-;70;310;-;-;21000;-
Romaria ;9007;-;179;9150;40;-;77508;-
Rosário da Limeira ;4011;-;158;803;165;-;5008;-
Rubelita ;31910;-;2048;3319;83;494;33428;-
Rubim ;78872;60;2039;3269;190;525;19661;-
Sabará ;2577;5;30;570;35;5;200;-
Sabinópolis ;34630;420;1230;5210;100;15;35700;-
Sacramento ;130758;417;1418;2265;120;136;138300;-
Salinas ;61200;53;2376;8572;718;290;81797;-
Salto da Divisa ;66178;502;1919;1783;425;345;6971;-
Santa Bárbara ;5129;-;279;190;-;10;6299;81
Santa Bárbara do Leste ;1175;-;49;654;152;32;3520;-
Santa Bárbara do Monte Verde ;14070;100;800;1140;90;50;13000;50
Santa Bárbara do Tugúrio ;8692;-;266;559;-;-;4387;-
Santa Cruz de Minas ;27;-;23;121;-;-;620;114
Santa Cruz de Salinas ;14696;8;787;1862;183;88;18494;-
Santa Cruz do Escalvado ;16618;-;397;29495;174;26;8981;-
Santa Efigênia de Minas ;5079;6;220;565;30;50;7800;-
Santa Fé de Minas ;31387;-;613;515;86;283;13210;-
Santa Helena de Minas ;17733;-;612;789;94;182;7302;-
Santa Juliana ;30365;16;489;58980;26;62;406138;-
Santa Luzia ;6017;-;381;2640;46;120;1570;-
Santa Margarida ;4500;-;450;2850;270;15;24000;200
Santa Maria de Itabira ;21018;169;1367;2348;-;63;51705;-
Santa Maria do Salto ;15982;71;722;3845;188;293;16494;-
Santa Maria do Suaçuí ;32000;300;715;2320;43;97;19543;-
Santana da Vargem ;3242;4;351;650;115;30;5400;-
Santana de Cataguases ;9006;-;415;487;61;-;4570;265
Santana de Pirapama ;25452;56;2149;3203;148;321;466644;119
Santana do Deserto ;6073;10;990;1370;94;26;3140;-
Santana do Garambéu ;4530;-;161;930;-;52;4800;-
Santana do Jacaré ;5195;120;116;1260;-;-;75900;-
Santana do Manhuaçu ;10400;-;390;2850;200;170;19000;-
Santana do Paraíso ;5491;-;151;602;-;59;4398;-
Santana do Riacho ;4372;4;450;780;20;15;8900;-
Santana dos Montes ;6041;15;84;725;100;125;10250;-
Santa Rita de Caldas ;36614;58;800;2950;50;300;28000;-
Santa Rita de Jacutinga ;16127;20;750;3584;200;40;14500;120
Santa Rita de Minas ;2561;-;46;371;23;32;5230;-
Santa Rita de Ibitipoca ;9461;-;273;862;133;-;2449;-
Santa Rita do Itueto ;17943;-;248;462;61;49;6634;-
Santa Rita do Sapucaí ;22887;35;710;2000;120;53;105000;320
Santa Rosa da Serra ;8750;115;419;331;27;52;2461;-
Santa Vitória ;244800;260;5000;18800;200;3300;30000;-
Santo Antônio do Amparo ;15881;-;207;2840;74;-;6200;-
Santo Antônio do Aventureiro ;18158;-;650;635;100;20;4000;-
Santo Antônio do Grama ;7546;-;239;17589;5;68;4352;-
Santo Antônio do Itambé ;11612;-;300;910;20;10;6800;-
Santo Antônio do Jacinto ;37245;55;857;6094;1340;1596;27137;-
Santo Antônio do Monte ;74600;65;1800;2720;140;140;1090000;-
Santo Antônio do Retiro ;3300;-;297;843;82;7;17475;-
Santo Antônio do Rio Abaixo ;7690;15;250;450;10;45;3090;-
Santo Hipólito ;29330;-;830;580;20;60;17200;-
Santos Dumont ;24300;-;442;3522;204;21;16269;-
São Bento Abade ;3337;-;72;230;-;2;1500;-
São Brás do Suaçuí ;3094;-;44;270;-;-;4000;-
São Domingos das Dores ;499;-;234;684;73;-;6139;-
São Domingos do Prata ;35521;125;1150;3950;120;90;10650;-
São Félix de Minas ;11430;-;238;845;120;210;7240;-
São Francisco ;138138;1091;5607;8847;2218;1372;103693;-
São Francisco de Paula ;14553;532;400;690;-;27;12200;-
São Francisco de Sales ;94650;5;661;1592;25;201;15352;-
São Francisco do Glória ;8425;-;114;910;15;15;2816;-
São Geraldo ;8280;-;620;2830;195;50;238700;-
São Geraldo da Piedade ;11815;-;370;1980;50;15;15120;-
São Geraldo do Baixio ;18457;-;630;1950;240;350;12300;-
São Gonçalo do Abaeté ;41099;4;1119;4050;-;1;20500;-
São Gonçalo do Pará ;15800;15;400;5400;175;180;402000;600
São Gonçalo do Rio Abaixo ;12758;80;390;2435;70;85;119000;-
São Gonçalo do Sapucaí ;32654;-;1516;1680;200;294;14300;-
São Gotardo ;51024;208;2213;5603;568;169;29842;975
São João Batista do Glória ;30200;14;692;16168;-;-;18248;-
São João da Lagoa ;31440;20;1200;3270;60;90;21050;-
São João da Mata ;8768;-;272;843;-;20;8470;-
São João da Ponte ;119101;144;4086;7731;262;3986;101321;-
São João das Missões ;17938;-;2065;3004;309;216;13807;-
São João del Rei ;35050;-;1320;4374;10;30;76710;2508
São João do Manhuaçu ;1900;-;150;1200;90;60;7800;-
São João do Manteninha ;19253;-;1554;651;102;245;4550;-
São João do Oriente ;11600;-;337;499;26;72;6550;-
São João do Pacuí ;18250;-;1100;3080;70;120;20350;-
São João do Paraíso ;10628;-;904;4493;405;319;58900;-
São João Evangelista ;26189;284;790;2628;92;22;31493;-
São João Nepomuceno ;21673;45;940;4136;245;120;18540;254
São Joaquim de Bicas ;3173;30;114;425;-;-;6300;-
São José da Barra ;11946;32;242;14918;-;-;75090;-
São José da Lapa ;1850;12;40;1600;10;2;415500;-
São José da Safira ;9450;-;300;1500;120;110;7090;-
São José da Varginha ;19806;48;711;26320;93;214;7687444;-
São José do Alegre ;8502;-;380;1900;110;140;11200;650
São José do Divino ;21300;-;562;728;80;155;7750;-
São José do Goiabal ;11894;90;315;935;30;30;4500;-
São José do Jacuri ;16446;25;430;1759;33;25;15944;-
São José do Mantimento ;2700;-;130;-;-;-;6000;-
São Lourenço ;2471;-;139;350;25;72;21300;-
São Miguel do Anta ;4617;-;350;3178;48;187;1082570;320
São Pedro da União ;12180;40;711;3375;-;153;33949;-
São Pedro dos Ferros ;18623;11;348;1536;17;34;378903;-
São Pedro do Suaçuí ;17597;118;435;1537;43;72;14472;-
São Romão ;45884;91;826;321;126;325;16130;-
São Roque de Minas ;69723;111;1415;3514;65;65;27380;-
São Sebastião da Bela Vista ;11557;2;365;1077;100;-;9800;-
São Sebastião da Vargem Alegre ;3428;-;77;227;75;9;2131;-
São Sebastião do Anta ;2112;-;200;545;80;26;7392;-
São Sebastião do Maranhão ;22120;285;813;3399;57;99;38223;-
São Sebastião do Oeste ;28500;60;950;6000;10;190;5080160;-
São Sebastião do Paraíso ;45640;37;1136;2730;102;170;472735;-
São Sebastião do Rio Preto ;5424;25;302;255;-;-;3693;-
São Sebastião do Rio Verde ;5911;-;165;1058;-;-;10520;-
São Tiago ;23092;4;920;2313;-;-;22507;-
São Tomás de Aquino ;14012;5;318;554;-;-;117484;-
São Thomé das Letras ;14802;-;506;930;6;16;9000;-
São Vicente de Minas ;16192;-;1014;982;-;-;4243;-
Sapucaí-Mirim ;6419;100;700;2020;60;150;11000;-
Sardoá ;1230;35;320;850;30;15;11350;-
Sarzedo ;1151;-;80;840;10;30;500;8000
Setubinha ;4395;-;430;2070;88;240;11030;-
Sem-Peixe ;12569;60;470;955;60;65;3600;-
Senador Amaral ;6600;-;135;310;-;50;2750;-
Senador Cortes ;6183;-;348;1105;130;43;5430;-
Senador Firmino ;5203;-;410;1390;75;20;44050;-
Senador José Bento ;7841;-;185;418;60;45;5050;-
Senador Modestino Gonçalves ;7504;10;774;2144;-;-;20000;-
Senhora de Oliveira ;2452;-;345;2652;35;-;18768;-
Senhora do Porto ;13100;6;500;960;15;17;10700;-
Senhora dos Remédios ;11790;-;669;1010;-;60;8363;-
Sericita ;3974;-;145;1700;87;80;9367;-
Seritinga ;4600;-;164;707;-;90;3862;-
Serra Azul de Minas ;5800;-;450;568;30;-;7900;-
Serra da Saudade ;18016;110;398;977;-;-;3788;-
Serra dos Aimorés ;26664;-;664;861;86;269;5250;-
Serra do Salitre ;60792;26;1340;12560;70;200;29415;-
Serrania ;16200;220;280;880;30;350;12000;-
Serranópolis de Minas ;11680;-;730;1485;190;250;12100;-
Serranos ;9814;-;389;1389;-;87;4720;-
Serro ;36520;-;1500;4370;80;5;38300;-
Sete Lagoas ;21041;473;1561;20263;102;571;248251;6000
Silveirânia ;8560;-;221;3399;-;-;23000;-
Silvianópolis ;26600;19;866;2450;324;284;22530;-
Simão Pereira ;5866;180;400;385;40;300;10500;150
Simonésia ;5400;-;550;2300;300;80;22000;-
Sobrália ;16929;-;790;350;220;150;11200;-
Soledade de Minas ;13058;2;880;886;125;58;15178;110
Tabuleiro ;13250;-;321;998;82;71;74802;-
Taiobeiras ;21680;-;870;4090;115;401;32349;-
Taparuba ;10049;-;150;953;66;-;10189;-
Tapira ;44446;412;163;193;30;1395;16992;-
Tapiraí ;17238;333;640;1330;-;-;13200;-
Taquaraçu de Minas ;7201;-;2520;849;46;25;7328;-
Tarumirim ;50532;-;780;2695;241;87;46432;-
Teixeiras ;6308;-;320;13982;150;215;453120;-
Teófilo Otoni ;172749;147;4760;14850;48;1780;104700;2800
Timóteo ;1288;-;80;166;42;-;3376;-
Tiradentes ;2466;-;201;1054;-;60;4002;-
Tiros ;70877;15;3256;5564;35;170;6886;-
Tocantins ;10792;-;600;1620;165;135;106200;-
Tocos do Moji ;11115;-;320;1061;37;18;14330;-
Toledo ;6950;40;250;730;10;-;5000;-
Tombos ;15594;-;105;1768;24;12;5581;-
Três Corações ;47474;56;926;2000;44;172;13000;-
Três Marias ;36630;-;700;125;150;80;27000;-
Três Pontas ;21187;127;1577;1620;50;25;11000;-
Tumiritinga ;29361;-;1700;2850;400;180;28500;85
Tupaciguara ;122710;64;2448;30337;29;1850;378388;-
Turmalina ;6010;-;325;2449;235;95;27931;-
Turvolândia ;14235;-;383;1384;8;35;15320;-
Ubá ;19857;10;1100;4155;390;190;407400;305
Ubaí ;38573;33;2671;3302;255;845;23145;-
Ubaporanga ;5375;4;153;1186;171;32;15346;-
Uberaba ;211653;413;5556;32630;535;4002;4276000;8365
Uberlândia ;235000;130;6500;901300;3800;3700;9652000;-
Umburatiba ;29870;-;866;959;70;385;4310;-
Unaí ;347583;310;8000;20000;150;2000;190000;200
União de Minas ;106610;424;804;2367;57;631;21290;-
Uruana de Minas ;20021;-;500;1100;-;80;6500;-
Urucânia ;5575;-;169;232530;75;78;23673;343
Urucuia ;37570;30;1923;2722;202;274;35639;-
Vargem Alegre ;7660;-;124;411;228;39;9095;-
Vargem Bonita ;17314;26;433;595;6;75;4988;-
Vargem Grande do Rio Pardo ;2797;-;347;1518;29;11;13260;-
Varginha ;17463;76;782;1380;20;21;3500;-
Varjão de Minas ;32163;-;710;42000;-;92;11300;-
Várzea da Palma ;103315;4;750;584;1638;2320;22330;-
Varzelândia ;39493;15;1802;3754;402;210;38626;-
Vazante ;96271;3;2521;6300;13;80;41000;-
Verdelândia ;61360;25;2150;3240;700;860;28350;-
Veredinha ;1762;-;430;3770;70;23;17130;-
Veríssimo ;67109;5;975;2490;110;477;226915;15
Vermelho Novo ;3348;-;174;2434;82;-;9847;-
Vespasiano ;1530;-;50;-;-;-;-;-
Viçosa ;9474;-;440;5338;638;293;663653;4200
Vieiras ;7557;-;291;1340;257;52;6407;-
Mathias Lobato ;12128;700;1300;1700;200;900;4450;10500
Virgem da Lapa ;20689;-;902;2234;160;105;17282;-
Virgínia ;20961;2;993;3575;87;32;23140;-
Virginópolis ;16207;497;79;2465;28;59;18103;-
Virgolândia ;16207;497;79;2465;28;59;18103;-
Visconde do Rio Branco ;13300;-;500;3405;190;45;574900;105
Volta Grande ;13100;-;290;88;34;48;725;-
Wenceslau Braz ;7758;-;450;1080;60;-;10000;-
